순번(No),광고회사,주소,전화번호
1,(주)제일기획,서울특별시 용산구 이태원로 222  (한남동),02-3780-2114
2,(주)오리콤,"서울특별시 강남구 언주로 726 두산빌딩 6,7층 (논현동)",02-510-4100
3,(주)대홍기획 부산지사,"부산광역시 해운대구 센텀동로 99 901(재송동,벽산e센텀클래스원)",051-637-1221
4,(주)대홍기획,"서울특별시 중구 통일로 10  (남대문로5가, 7,8,9층)",02-3671-6114
5,(주)비비디오코리아,서울특별시 용산구 한강대로 100 14층 (한강로2가),02-3449-9000
6,(주)코래드,서울 강남구 역삼동 677-25 큰길타워13층,02-2193-8000
7,오길비코리아 유한회사,서울특별시 강남구 삼성로 507 (삼성동) JS타워,02-513-1114
8,(주)한컴,"서울특별시 강남구 언주로 726 5층,3층 일부(논현동, 두산빌딩)",02-519-6900
9,주식회사 에이치에스애드,"서울특별시 마포구 마포대로 155 (공덕동,LG마포 B/D, 4,9~15F)",02-3777-1114
10,한국언론진흥재단,서울특별시 중구 세종대로 124  (태평로1가),02-2001-7114
11,(주)부산프로덕션,"부산광역시 부산진구 개금온정로 9 2층 202호 (개금동, 석천빌딩)",051-905-8500
12,(주)비앤비커뮤니케이션,대구 동구 신천4동   335-6,053-751-0777
13,(주)인터콤어소시에이션,"서울특별시 강남구 학동로53길 29  (논현동, 인터콤빌딩)",02-3448-8800
14,(주)하쿠호도제일,"서울특별시 마포구 마포대로 20  (마포동, 다보빌딩 7,8층)",02-2021-3600
15,엠얼라이언스주식회사,서울특별시 강남구 봉은사로2길 31 더블유빌딩 7층 (역삼동),02-2186-9700
16,(주)서해광고,전라북도 전주시 완산구 팔달로 270 3층 (주)서해광고 (서노송동),063-282-6900
17,(주)우일기획,광주광역시 서구 화정로 277  (농성동),062-366-6023
18,(주)웰콤퍼블리시스월드와이드,"서울특별시 중구 청계천로 100 (수표동,시그니쳐타워) 동관 3층",02-2000-3674
19,(주)벨커뮤니케이션즈,서울특별시 서대문구 충정로 8 종근당빌딩 804호 (충정로3가),02-364-4151
20,(주)동천미디어, 광주시 동구 동명동 125-4 동천미디어빌딩,062-224-5401
21,레오버넷(주),"서울특별시 중구 청계천로 100 동관 15층 (수표동,시그니쳐타워)",02-2000-3674
22,(주)유니기획,서울특별시 서초구 바우뫼로27길 2  (양재동) 일동홀딩스(주) 사옥 2층,02-526-3674
23,(주)매일애드,대구 중구 계산동2가  71,053-251-0500
24,(주)타이타늄22,"서울특별시 종로구 통일로 134, 21층(평동, 디타워(돈의문)) -",02-2262-4500
25,(주)청운기획,대구 수성구 범어동  45-4 범어타워 80호,053-425-3373
26,주식회사 제이엔프로,대전광역시 유성구 월드컵대로300번길 16-16 4층 (상대동),042-537-8181
27,(주)희승에이젠시, 서울시 서초구 양재 114-4 희승빌딩,02-578-7651
28,(주)하바스코리아,서울특별시 강남구 봉은사로86길 6 (삼성동) 레베쌍트빌딩 7층,02-841-2985
29,(주)애드라인,"서울특별시 송파구 송파대로 167 A동 1423호 (문정동, 문정역테라타워)",02-511-2333
30,(주)그레이프커뮤니케이션즈,서울특별시 영등포구 영중로 56  (영등포동5가) 신한빌딩,02-2260-5400
31,(주)문화비젼,대전 서구 만년동 306 리더스타운에이동 301,042-484-7444
32,(주)와이지플러스,서울특별시 영등포구 국제금융로 10 (여의도동) THREE IFC 19층,02-3140-4600
33,(주)케이에프엔애드콤,서울특별시 영등포구 여의대방로67길 9 (여의도동)두일빌딩,02-501-2141
34,케이아트만(주),서울 강남구 신사동  542-4번지 세비앙빌딩 4층,02-511-7053
35,(주)금강미디어,경상북도 포항시 북구 장량로157번길 7-1  (양덕동),054-282-3755
36,(주)아트콤(서울),서울특별시 영등포구 국제금융로6길 33 1017 (여의도동),02-780-6611
37,TBWA KOREA(주),서울특별시 강남구 도산대로 139 제이타워 7층(신사동),02-501-8888
38,(주)플러스컴, 대구시 수성구 황금동 753-4,053-768-6688
39,(주)애드뱅크,대구 수성구 범어동 7-14 ,053-755-8586
40,(주)딥다이브컴퍼니,"서울특별시 중구 다산로20길 41 1층,2층,3층(신당동)",02-765-7901
41,주식회사 디에이치씨,대구광역시 중구 태평로51길 55  (동인동3가),053-426-6664
42,(주)씨엔에이플러스,전라북도 전주시 완산구 백제대로 283 3층 (중화산동2가),063-277-5550
43,(주)뉴월애드,서울특별시 송파구 백제고분로 224  (삼전동)창대빌딩4층,02-554-4995
44,주식회사 애드우드,대구광역시 남구 현충로 237  (대명동),053-429-4800
45,(주)인커뮤니케이션,서울특별시 마포구 동교로16길 12  (서교동) 5층,02-362-9500
46,주식회사 에스앤디,대구광역시 중구 국채보상로150길 58  (삼덕동3가) 2층,053-475-1177
47,(주)애드맥스,"부산광역시 남구 수영로 234 , 부산은행대연동지점빌딩 3층 (대연동)",051-611-3101
48,(주)덴츠크리에이티브코리아,"서울특별시 강남구 테헤란로79길 6 11층(삼성동,제이에스타워)",02-6005-0011
49,(주)헤드컴,"부산광역시 서구 구덕로226번길 9 , 대광오피스텔 708호 (부민동1가)",051-231-7700
50,(주)케이이씨씨,서울특별시 강남구 강남대로 560 삼익전자빌딩 6층 (논현동),02-574-2239
51,(주)애드앤피알스미스,"서울특별시 송파구 송파대로34길 33 7층 702호 (송파동, 장원빌딩)",053-421-7316
52,(주)시프커뮤니케이션즈, 서울시 서초구 잠원동 76-5,02-591-6540
53,(주)브레이커스커뮤니케이션스,서울 강남구 역삼동  서울시 강남구 역삼동 668-1 청파빌딩 3층,02-562-3328
54,(주)메카커뮤니케이션,서울특별시 마포구 마포대로 20  (마포동),02-706-7500
55,(주)다은기획,"부산광역시 남구 수영로 312 1023 (대연동,21세기센츄리시티건물)",051-610-1140
56,미디어브랜즈코리아 주식회사,서울특별시 강남구 봉은사로2길 31 더블유빌딩 6층 (역삼동),02-2186-9700
57,스푼 주식회사,"서울특별시 강남구 논현로 706 아이캐슬빌딩 3, 7층 (논현동)",02-2056-3606
58,(주)솔트커뮤니케이션즈(서울),서울특별시 강남구 언주로 725  (논현동),02-3442-7600
59,(주)나라미디어,"광주광역시 북구 첨단연신로 88 403호 (연제동,허드슨1041)",062-371-7731
60,(주)비플러스,서울특별시 강남구 강남대로156길 12 4층 D15(다복빌딩),02-562-5124
61,스타커뮤니케이션즈(주),대구광역시 수성구 명덕로 406  (수성동2가)4F,053-428-9030
62,그레이월드와이드코리아(주),"서울 강남구 신사동 600-1 ISA빌딩 2,3층",02-3015-5800
63,(주)엠제이씨,"서울특별시 광진구 강변역로 50  (구의동,동서울종합터미널)",02-786-3939
64,(주)메이트인디펜던스,서울특별시 강남구 학동로 311 (논현동),02-2188-8400
65,(주)애드빛,부산광역시 수영구 수영로 557 (광안동)호암빌딩302호,051-756-3253
66,(주)애드스프링,서울특별시 서초구 강남대로 309 10층 11호(서초동 코리아비즈니스센타),02-798-7076
67,타이거코리아(주),서울특별시 서초구 강남대로99길 45 엠빌딩 4층 (잠원동),02-3442-6833
68,(주)알래스카플러스,서울특별시 용산구 한남대로 98 일신빌딩 3층 (한남동),02-762-9090
69,(주)애드씨케이,"서울특별시 강남구 언주로 647 6층(논현동,강남빌딩)",02-515-1420
70,(주)캐러트코리아,"서울 강남구 테헤란로79길 6 (삼성동,20제이에스타워10층)",02-6005-0400
71,(주)토마토컴,"울산광역시 남구 돋질로 302번길 13  (삼산동, 4층)",052-258-9994
72,(주)그린프로그커뮤니케이션즈,"서울특별시 강남구 봉은사로 316 , 601호(역삼동, ASK벤처타운)",02-6952-9870
73,대보커뮤니케이션(주),대구 수성구 수성4가 1229-10 대보빌딩2층 ,053-742-5673
74,(주)한국디지털방송,경상남도 창원시 마산합포구 3·15대로 391 3층 (중성동),055-296-7221
75,(주)세토기획,서울특별시 강남구 봉은사로 110 3층 (역삼동),02-542-7070
76,(주)컴온21,"서울특별시 송파구 법원로 127 1511호 (문정동, 문정대명벨리온)",
77,(주)애드밸리인디자인,대구 북구 산격2동 1676번지 엑스코 4층,053-601-5135
78,(주)올컴,"서울특별시 종로구 창경궁로 143 3층 301호(원남동, 세중타워)",02-2277-3707
79,(주)사운드타워,강원도 춘천시 동내면 영서로 1776 301호(학곡리 602),033-257-2660
80,(주)경남미디어,"경상남도 창원시 마산합포구 허당로 84 ,가야빌딩 606호 (산호동)",055-243-2945
81,(주)미디아베이직,서울특별시 강남구 도산대로27길 26 401 (신사동),02-755-5748
82,(주)준콤,서울특별시 동작구 상도로 123-1 준콤빌딩 (상도동),02-815-9137
83,(주)나우리애드,"대전광역시 서구 둔산대로117번길 66 312 (만년동,골드타워)",042-488-0017
84,동아애드주식회사,"대구광역시 중구 동덕로 115  (삼덕동2가,진석타워즈 19층 1905호)",053-426-4212
85,(주)코마커뮤니케이션,서울특별시 영등포구 국회대로66길 23 산정빌딩 402~404호 (여의도동),02-785-5563
86,(주)화이트플러스,경상남도 창원시 마산회원구 봉암공단2길 6  (봉암동),070-7576-2022
87,(주)화인존,서울 종로구 신문로2가 1-38 내자빌딩4층 ,02-725-8232
88,(주)인터크레존(대전),"대전광역시 서구 도안동로11번길 28  (가수원동)28,3층",042-536-0004
89,(주)유엔애드,"서울특별시 강동구 동남로49길 21-15 2층,강남빌딩 (둔촌동)",02-544-5020
90,(주)강원미디어,강원도 춘천시 퇴계공단1길 41  (퇴계동),033-242-6070
91,줌애드,대전 동구 삼성동 126-6 국제약품빌딩 2층 ,042-624-2009
92,(주)애드메이저,대구광역시 동구 동부로22길 9 (신천동) 동대구역 아펠리체 401호,053-751-5488
93,(주)제이엠피엔,서울특별시 용산구 녹사평대로 138 양진빌딩 5층 (이태원동),02-797-6350
94,(주)봄커뮤니케이션즈,대구 수성구 만촌동 992-39,053-421-0045
95,(주)위드커뮤니케이션(대전),대전광역시 대덕구 오정로63번길 23  (오정동),042-527-5000
96,(주)엘커뮤니케이션,대구광역시 수성구 청수로9길 40-19  (중동),053-253-6296
97,(주)손자커뮤니케이션즈,"부산광역시 남구 분포로 111  (용호동, 엘지메트로시티)126-1103",051-0000-0000
98,(주)미르포스,서울 마포구 서교동 379-1 태인빌딩 3층,02-716-0737
99,(주)팝콘커뮤니케이션,울산광역시 남구 돋질로171번길 4 2층 (신정동),052-272-4499
100,(주)엘케이씨커뮤니케이션즈,서울특별시 용산구 한남대로21길 8 드림컴빌딩 6층 (한남동),02-798-0484
101,(주)다송애드,대구 중구 삼덕동3가  242-1번지 2층,053-253-2300
102,(주)유퍼스트커뮤니케이션,서울 강남구 논현동  176-23,02-545-1251
103,(주)붐커뮤니케이션,서울특별시 강남구 언주로148길 14 다동 3층 (논현동),02-512-6764
104,(주)케이에스아이디어,서울 중구 남산동3가 34-5 남산빌딩 115호,02-6361-4200
105,(주)소망커뮤니케이션,"서울특별시 강남구 강남대로136길 22  (논현동,수부빌딩)",02-540-7999
106,라송(주),서울특별시 영등포구 국제금융로8길 25 705 (여의도동),02-769-1402
107,(주)파인애드컴,경기도 하남시 미사대로 550 A동 4층 58호,02-719-1909
108,(주)이노션,서울특별시 강남구 강남대로 308  (역삼동) 랜드마크타워,02-2016-2300
109,그룹엠코리아 주식회사,"서울특별시 용산구 한강대로 372  (동자동, 센트레빌아스테리움서울)",02-6200-1500
110,(주)메디커뮤니케이션,서울특별시 강남구 논현로 318  (역삼동),02-521-0733
111,(주)애드리치,"서울특별시 강남구 테헤란로 410 , 889-13 금강타워 12층 (대치동)",02-562-6400
112,(주)브랜드스톰마케팅앤커뮤니케이션그룹,"서울특별시 강남구 영동대로 517  (삼성동 아셈타워 201호, 702호 )",02-6001-7250
113,(주)다미애드,서울 영등포구 영등포동4가  155-1  영남빌딩 4층,02-2631-0766
114,한양기획(주),서울특별시 강남구 강남대로160길 16 삼현빌딩 2층 (신사동),02-3442-5971
115,(주)우진커뮤니케이션즈,"경기도 남양주시 다산지금로 202 에이에프동 0021호 (다산동, 디아이엠씨테라타워)",031-564-1152
116,(주)엠에스씨,대구 수성구 황금동 846-3 엘지파워콤빌딩5층,053-756-5800
117,(주)서울디지컴애드,"서울특별시 강남구 논현로57길 8  (도곡동,지층)",02-785-7001
118,(주)굿미디어,서울 영등포구 여의도동 14-2 동아빌딩 303호,02-3775-1212
119,(주)해금광고,부산 사상구 덕포동  369-9,051-302-7171
120,(주)유프레임,"경상남도 창원시 의창구 중앙대로210번길 3 (신월동,경남신문사2층)",055-283-7890
121,씽크플래닛(주),서울특별시 마포구 마포대로 19  (마포동) 신화빌딩 806호,02-785-9201
122,(주)로즈커뮤니케이션,서울 중구 무교동  11번지 광일빌딩 801호,02-778-0202
123,(주)해든에이디,서울특별시 서초구 서운로6길 25 세환빌딩 2층 (서초동),02-533-1616
124,(주)와이즈디자인앤컨설팅,서울 강남구 삼성동  153-1 하영빌딩 4층,02-2057-2682
125,(주)브랜드쿡,서울특별시 중구 세종대로19길 16 성공회빌딩 4층 (정동),02-771-0805
126,(주)환크리에이티브컴퍼니,서울 종로구 동숭동  192번지,02-741-7402
127,(주)엣나우,"서울특별시 성동구 성수이로10길 14 701호 (성수동2가,에이스하이엔드성수타워)",02-555-7709
128,비스컴(주),광주 동구 소태동  443,062-233-0023
129,(주)비주얼라인,서울 강남구 논현동  4-22 현우빌딩 4층,02-549-5517
130,(주)채널디,충청북도 청주시 흥덕구 봉명로 31 1005호  티원타워(복대동) ,043-217-8584
131,(주)범호기획,"부산광역시 중구 중앙대로 147 , 일신빌딩3층 (대창동2가)",051-751-9922
132,(주)캠페이너스,서울특별시 중구 동호로 186-13  (신당동)6층 ,02-6911-6000
133,(주)미디어터미널,"서울특별시 서대문구 증가로10길 96-7 3층 (홍은동, 필하우스)",02-323-5005
134,(주)봄인터랙티브미디어,대전 동구 삼성동  111-1,042-633-7800
135,네오커뮤니케이션즈(주),경북 포항시 북구 대신동 중앙로 396-3,054-277-4999
136,(주)클리프커뮤니케이션,"서울특별시 강남구 강남대로 578 8층, 성현빌딩 (논현동)",02-516-0047
137,(주)이노애드,"부산광역시 해운대구 센텀동로 35 ,센텀SH밸리 704,705호 (우동)",051-313-8359
138,(주)키위커뮤니케이션,서울특별시 강남구 논현로149길 67-10  (논현동),02-3445-4425
139,주식회사클루엔터테인먼트,부산광역시 해운대구 센텀북대로 60 712호 (재송동),051-862-7553
140,(주)더블유에이와이커뮤니케이션,서울특별시 용산구 한남대로42가길 20  (한남동),02-514-4906
141,(주)오렌지나인,대전 중구 중촌동    61-21,042-256-2119
142,(주)멘토커뮤니케이션,서울특별시 성동구 성수일로 99 (성수동1가) 13-207 서울숲AK밸리 지식산업센터 709호,02-792-8871
143,(주)퀀텀프로젝트,서울 강남구 논현동  6-5 광성빌딩 502호,02-6245-7348
144,(주)커뮤니케이션소리,"서울특별시 강남구 강남대로128길 28 2층 201호 (논현동, 케이지플러스빌딩)",02-541-0522
145,(주)메이트컴,대구광역시 동구 동부로30길(신천동) ,053-766-0568
146,(주)광륭,"서울특별시 강남구 자곡로 174-10 8층, 803 (자곡동, 강남에이스타워) ",02-599-1582
147,(주)창강애드,"서울특별시 중구 남대문로7길 11-5  (소공동,창강빌딩11층)",02-773-8885
148,(주)에스엠컬처앤콘텐츠 광고사업부문,"서울특별시 성동구 왕십리로 83-21 디타워동 12,13층 (성수동1가, 아크로 서울포레스트)",02-6119-0114
149,(주)광고사랑,서울특별시 종로구 돈화문로5가길 1  (돈의동 피카디리플러스)5층 506호,02-3270-3880
150,(주)디자인커서,서울 중구 다동  92 다동빌딩 701,02-312-9047
151,(주)씨앤커뮤니케이션즈,서울시 영등포구 여의도동  14-32 정원빌딩 6층,02-737-5960
152,(주)제이앤에스이룸커뮤니케이션즈,서울특별시 영등포구 여의나루로 71  동화빌딩 15층 (여의도동),02-780-1780
153,(주)엘크로,서울특별시 마포구 월드컵북로 402 1602호 (상암동),02-785-6357
154,(주)세븐스타커뮤니케이션,서울 강남구 논현동  37-1 현등빌딩 5층,02-541-7177
155,산영커뮤니케이션,"부산광역시 해운대구 대천로 28 , 법성빌딩 2층 (중동)",051-746-6277
156,(주)프리비알,"서울특별시 마포구 매봉산로 31 (상암동) 13층 (시너지움) (상암동, S-PLEX CENTER)",02-785-8684
157,(주)애드바이져,서울특별시 양천구 목동동로 293 3402호 (목동),02-2649-9242
158,(주)애드노바,서울특별시 강남구 강남대로136길 6 지형빌딩3층 (논현동),02-6925-7330
159,중앙일보미디어디자인(주),서울 중구 순화동  7번지 중앙일보사빌딩,02-751-5730
160,(주)스프링커뮤니케이션스,서울특별시 강남구 도산대로6길 10  (논현동)상우빌딩5층,02-6677-2040
161,(주)피비시프로덕션,경상북도 포항시 북구 장량로32번길 41  (장성동),054-242-3379
162,(주)컴투게더,서울 강남구 삼성동  123-19,02-558-1554
163,(주)솔트커뮤니케이션즈(대구),대구 수성구 중동   133-8 ,053-761-0031
164,(주)씨아이에이,대구 동구 신암동 348-2  ,053-744-1992
165,(주)웰메이드크리에이티브,"대구광역시 수성구 청솔로 53  (수성동3가, 2층)",053-422-9222
166,주식회사스타미디어,광주광역시 남구 경열로76번길 12-3 2층 (월산동),062-415-2525
167,(주)에이플러스애드컴,서울 용산구 갈월동 53-1 2층,02-318-4418
168,(주)진학사,서울 종로구 신문로2가  1-103 진학기획빌딩,02-2013-0522
169,(주)엔씨씨애드,"서울특별시 강남구 도산대로25길 3-6 엔씨씨빌딩 3,4층 (신사동)",02-545-3634
170,(주)제이앤드케이커뮤니케이션,경상북도 포항시 남구 상공로 244 3층 (해도동),070-8103-1020
171,(주)노블애드,서울특별시 송파구 동남로 282-1  (오금동) 은지빌딩 503호,070-4161-8540
172,(주)커뮤니케이션창,"부산광역시 해운대구 센텀북대로 60 1407호 (재송동,센텀아이에스타워)",051-741-6763
173,(주)쿨애드,서울 영등포구 대림동  653-8,02-842-1225
174,(주)마케팅큐브,"서울특별시 영등포구 국회대로68길 23 ,10층 1001호 (여의도동, 정원빌딩)",070-7729-8964
175,케이피커뮤니케이션(주) ,서울특별시 영등포구 버드나루로 88 3층 (영등포동7가),02-6925-5731
176,(주)하늘아래푸른정원커뮤니케이션,광주 서구 화정동  97-8  4층,062-382-7050
177,(주)솔트컴애드,"서울특별시 송파구 법원로11길 7 C동 921호(문정동,현대지식산업센터)",053-761-0031
178,원더맨톰슨코리아 주식회사,서울특별시 강남구 삼성로 507 (삼성동) JS타워 14층,02-531-9650
179,(주)언약엔터프라이즈,"서울특별시 송파구 송파대로20길 4 2층 201호 (문정동,헤브론빌딩) ",02-539-3770
180,(주)디젤커뮤니케이션,서울특별시 강남구 언주로149길 5-4  (논현동) 세화빌딩 3층,02-516-0290
181,(주)엠엔에스마케팅,서울 영등포구 여의도동  44-27 하남빌딩 503호,02-786-3894
182,(주)조인트크리에이티브,서울특별시 강남구 강남대로146길 35 2층 (논현동),02-3443-2631
183,(주)토크세븐,"서울특별시 영등포구 문래로26길 6 102-3101 (문래동3가, 문래동메가트리움)",02-3479-2000
184,(주)티엔씨애드컴,서울특별시 강남구 언주로71길 13 5층 (역삼동),02-2051-4335
185,(주)한빛커뮤니케이션,대전광역시 유성구 문지로 8  (도룡동),042-484-6153
186,(주)미디어맥스,전라북도 전주시 덕진구 만성북로 21-26  (만성동) 전북콘텐츠기업육성센터 306호 ,063-252-3527
187,(주)에이엠에스미디어,서울 강남구 역삼동 746-22 대명빌딩 303,02-501-9052
188,(주)아이에스제이커뮤니케이션,대구 남구 이천동   214-433 이천빌딩 6층,053-756-1234
189,주식회사 스웨이브,서울특별시 강남구 봉은사로55길 47  (삼성동),02-3472-7006
190,(주)비엠컴,서울 중구 충무로2가   53-1 황실빌딩 3층 302,02-720-0267
191,(주)활로컴,서울 마포구 연남동  567-15 2층,02-3141-7522
192,(주)제이앤씨,서울 마포구 신수동   380-3 원빌딩 3층,02-3274-0818
193,에이치비스타,"서울특별시 송파구 백제고분로 470  (방이동), 선한빌딩 2층 ",02-518-1189
194,(주)로진커뮤니케이션즈,서울 서초구 서초동 1552-16 서림빌딩 202호,02-588-7066
195,(주)디스,경남 창원시 중앙동 96-2 한국일보5층 ,055-262-0381
196,(주)문화미디어랩,서울특별시 중구 새문안로 22 문화일보건물내 (충정로1가),02-3210-2240
197,(주)키노아이,"경상남도 창원시 의창구 용지로265번길 30-1 ,1층 (용호동)",055-262-1478
198,(주)정원커뮤니케이션,광주광역시 서구 화운로 304-1 정원빌딩 3층 (광천동),062-384-5084
199,(주)프로그레스미디어,서울특별시 구로구 디지털로26길 5 4층 409-410호 (구로동),02-2671-1397
200,(주)커런트코리아,서울특별시 마포구 새창로 7 17층 (도화동),02-3210-2770
201,(주)미디어씨앤엠,서울 영등포구 여의도동 13 진미파라곤802호,02-782-0878
202,(주)엑스원,"부산광역시 해운대구 세실로27번길 11 ,대승코아 8층 (좌동)",051-413-0536
203,(주)디트라이브,"서울특별시 성동구 왕십리로 125 1002호 (성수동1가, KD타워)",02-3016-3016
204,(주)덴츠엑스,서울특별시 강남구 테헤란로79길 6 JS타워 10층 (삼성동),02-3011-2500
205,(주)제이애드콤,광주광역시 서구 치평로 124 케이원오피스타운4층402호 (치평동),062-654-2582
206,(주)케이엘커뮤니케이션,"서울 강남구 논현동  6-11 진성빌딩 2, 3층",02-543-0620
207,(주)이지컴다이렉트,서울 강남구 논현동 216-3  히아빌딩 5층,02-544-6520
208,(주)뉴플러스컴,서울 마포구 도화동  251-1 근신빌딩 별관2층 201호,02-716-6200
209,(주)칼렙마케팅,서울 강남구 논현동  64-20번지  2층,02-6242-0748
210,애드펀치(주),서울특별시 서초구 신반포로47길 17 3층 (잠원동),063-245-4562
211,(주)케이앤씨,경남 창원시 의창구 대원동 121  더시티세븐 교육문화센터 507호,055-265-6401
212,(주)이끄,서울 마포구 대흥동  167 대흥오피스텔 302호,02-518-8417
213,더노벰버(주),서울특별시 강남구 언주로129길 17  (논현동)진빌딩3층,02-544-1982
214,(주)포스트비쥬얼,"서울 마포구 서교동 400~419 402-22 신보빌딩 3,4층",02-3142-3966
215,애드엔피플,전라북도 전주시 완산구 거마평로 203 206호 (효자동1가),063-237-2402
216,(주)우리미디어,충남 천안시 서북구 직산읍 삼은리  511 충남영상미디어센터 301호,041-589-0850
217,(주)참콤,부산광역시 해운대구 수영강변대로 140 부산문화컨텐츠컴플렉스 617호 (우동),051-627-1560
218,(주)모티브플러스,서울 강남구 신사동  588 산도빌딩 2층,02-512-8099
219,유씨오마케팅그룹(주),서울특별시 영등포구 국회대로62길 25 6층 (여의도동)교육시설공제회관,02-3448-1016
220,(주)인터오리진,서울특별시 영등포구 의사당대로 83 22층 116호 (여의도동),02-783-8831
221,(주)써니커뮤니케이션즈,광주 서구 치평동  241-3 아트빌 303호,062-384-2991
222,(주)티케엔터테인먼트,서울특별시 강남구 봉은사로 420  (삼성동) 503호,02-516-6697
223,(주)엠에스미디어(광주),"광주광역시 남구 중앙로 87  (서동,kbc빌딩 10층)",062-674-8400
224,(주)제이커뮤니케이션,"대구광역시 중구 동덕로 15  (대봉동,3층)",053-653-7782
225,(주)세계속의 한국,서울특별시 영등포구 국회대로70길 15-1  (여의도동)극동VIP빌딩 1107호,02-761-2960
226,(주)얼반웍스,서울특별시 마포구 독막로8길 15  (합정동) 2층,02-2644-0852
227,(주)지어소프트,서울특별시 서초구 서초중앙로8길 117 지어소프트빌딩,02-2155-5163
228,(주)엠케이트라움,서울 마포구 동교동 165-8 LG펠리스 1626호,02-6357-0314
229,(주)뾰족한수,서울 중구 신당동 377-59 인봉빌딩 2층 ,02-2233-7310
230,(주)한길,경상북도 포항시 북구 삼호로 503 한길 (환호동),054-232-8234
231,(주)에프씨네트워크,서울 강남구 역삼동 666-15 홍인빌딩 4층,02-3471-1500
232,이다커뮤니케이션즈(주),서울특별시 종로구 경희궁1길 1  (신문로2가) 투바앤빌딩 4층,02-338-1715
233,(주)유웨이어플라이,서울특별시 서초구 효령로55길 23 (서초동) 동산빌딩 6층,02-2102-2480
234,(주)나음커뮤니케이션즈,서울특별시 종로구 인사동5길 26 5층 (관훈동),02-733-1087
235,엠엔씨엘(주),"서울특별시 성동구 서울숲2길 32-14  (성수동1가, 갤러리아 포레) 101동 202호",02-544-9174
236,(주)애드엑스포코리아,"서울특별시 강남구 영동대로 513 B-47 (삼성동,코엑스)",02-6010-3324
237,(주)아임애드,서울 영등포구 문래동3가 에이스하이테크시티 2동 1408호,02-783-2909
238,(주)손바닥미디어,서울특별시 영등포구 양평로 149 A-1306 (양평동5가),02-2654-7716
239,(주)하이애드원,서울 구로구 구로3동 대륭포스트타워1차 1703호,02-2105-7400
240,(주)서울미디어,강원도 원주시 치악로 1482 301호(단구동),033-747-6723
241,(주)애드원커뮤니케이션즈,"서울특별시 중구 서애로5길 21  (필동3가, 진성빌딩3층)",02-779-0202
242,(주)어썸커뮤니케이션즈,서울 강남구 신사동 535-25 금광빌딩 2층,02-547-5707
243,(주)씨엠씨컴퍼니,서울특별시 송파구 석촌호수로18길 11-11  (석촌동) 삼부빌딩 2층 씨엠씨컴퍼니,02-2644-4848
244,(주)미스터피알,"서울특별시 강남구 선릉로 604 206호 (삼성동, 호산프라자)",02-761-6081
245,(주)엠피씨이십일,"서울특별시 종로구 새문안로3길 36 12층 14호 (내수동, 용비어천가)",02-773-6633
246,가온플래닛(주),대전 동구 용전동 종근당빌딩 21-3 종근당빌딩 603-3호,042-638-6674
247,(주)웨일미디어,서울특별시 강남구 논현로86길 34 포커스빌딩 4층 (역삼동),02-567-7531
248,(주)로빈스앤컴퍼니,서울특별시 강남구 학동로97길 43-5  (청담동)베네빌딩,02-556-6088
249,(주)인터제너럴커뮤니케이션,서울특별시 성동구 왕십리로 58 포휴빌딩 405호 (성수동1가),02-569-7011
250,(주)팬엔터테인먼트,서울특별시 마포구 월드컵북로58길 10  (상암동),02-6900-9600
251,(주)스타일미디어,서울특별시 강남구 역삼로20길 12  (역삼동) 4층,02-549-7678
252,주식회사 비원기획,"대전광역시 유성구 노은로 151 3층309-1호 (지족동, 가나파로스빌II)",042-824-9305
253,(주)라이브로,전라북도 고창군 고창읍 월곡5길 9 ,062-511-8662
254,(주)룩스커뮤니케이션,서울특별시 강남구 논현로128길 24 3층 (논현동),02-556-9116
255,주식회사 에스알비애드,"광주광역시 북구 제봉로 324  (중흥동,7층)",062-510-4652
256,코리아넷티브이(주),서울 영등포구 여의도동 KBS별관 8층,02-2070-6300
257,(주)티엠비스트레티지,서울특별시 서초구 남부순환로333길 16  (서초동)신원빌딩3층,02-3444-6557
258,주식회사더프리즘,부산광역시 해운대구 수영강변대로 140  (우동) 718호,051-741-4433
259,(주)케이티기획,서울 서초구 방배4동 860-6 상은빌딩 501호,02-517-8318
260,(주)코두웰,서울특별시 영등포구 여의대방로67길 10 5층 (여의도동),02-780-7428
261,(주)학송정,"부산광역시 해운대구 센텀3로 26 (우동, 센텀스퀘어) (우동)",070-8264-6339
262,(주)디자인포유,광주 서구 풍암동 895-15,062-385-9395
263,(주)위트앤씬씨어,서울특별시 강남구 논현로71길 8  (역삼동) 로토빌딩 302호,02-556-7159
264,(주)에스앤에이치커뮤니케이션,경기도 포천시 태봉로 153 305-606호,02-541-8143
265,(주)텐미니츠미디어,서울 서초구 서초동 1330-18 현대기림오피스텔 712호,02-511-5562
266,(주)브로드커뮤니케이션,서울특별시 마포구 마포대로 86 522호 (도화동),02-9044-5558
267,(주)제이케이컨텐츠미디어그룹,서울특별시 강남구 언주로172길 53 인륜빌딩 4층 (신사동),02-514-3338
268,(주)더블피쉬커뮤니케이션즈,서울 강서구 등촌동 647-26 서울신기술센타 A-207,070-7784-2070
269,(주)어지니스,서울특별시 마포구 월드컵북로 361  (상암동) 이안 2단지 1404호,02-8864-0229
270,(주)피알애드인,서울특별시 강서구 마곡서로 152 B동 814호 (마곡동),02-322-4294
271,(주)애드버스컴퍼니,"경기도 안양시 동안구 벌말로 66  (관양동) F동 4층 403,404호",02-556-7280
272,(주)오킴앤커뮤니케이션,서울특별시 구로구 디지털로31길 19 에이스테크노타워2  802호 (구로동),02-3445-3224
273,(주)제이엔에스,대전 서구 탄방동 704 제이엔에스빌딩 10층,042-344-2200
274,아이캔미디어(주),울산광역시 중구 태화로 202  (태화동),052-900-8804
275,(주)위트커뮤니케이션,서울특별시 강남구 봉은사로74길 20 2층 (삼성동),02-564-8750
276,(주)피엠지커뮤니케이션,서울특별시 마포구 성산로2길 41  (성산동)유니온빌딩4층,070-8933-2482
277,(주)에이엔씨파트너스,"광주광역시 서구 상무누리로 30  (치평동,김대중컨벤션센터)",062-383-2838
278,(주)창조,경상북도 영천시 천문로 323 1층  (과전동),053-961-8969
279,(주)애드케이,광주광역시 광산구 하남대로 278-1  (운남동),062-430-7724
280,(주)크리진엔터테인먼트,서울 강남구 신사동 532-1 6층,02-515-1080
281,(주)씨오엠파트너스,서울특별시 강남구 역삼로 227 5층 501호 썬스코빌딩 (역삼동),02-3472-0505
282,(주)제이에스기획,"서울특별시 성북구 성북로 11  (성북동1가,301호)",070-4694-0428
283,(주)이든앤앨리스마케팅,서울 서초구 반포동 748-1 청호타워 12층,02-525-5711
284,문화공장오감(주),서울특별시 종로구 대학로12길 63 3층302호 (동숭동),02-3141-1023
285,(주)피피엘앤컴퍼니,서울특별시 강남구 강남대로146길 37 매틴빌딩 지하2층 (논현동),02-725-1993
286,(주)네오엔터테인먼트,서울특별시 영등포구 선유로47길 15  (양평동4가)구산드림타워 1201호,02-541-8940
287,(주)애드라이트,경기 하남시 감일동 331-19번지 애드빌딩,02-403-0864
288,인터즈(주),서울 마포구 서교동 362-4 중산빌딩 5층,02-338-7007
289,(주)케이비에스아트비전,서울특별시 영등포구 여의대방로 359 (여의도동)KBS별관 3층 ,02-6099-7759
290,올리브미디어(주),광주광역시 남구 중앙로 87 KBC빌딩 9층 (서동),062-672-6600
291,주식회사 이에프코리아,경기도 광주시 오포읍 오포안로 310-1 경기도 광주시 오포읍 오포안로 310-1,02-335-0036
292,(주)더지원커뮤니케이션즈,"서울특별시 은평구 연서로48길 12 507동 202호 (진관동, 은평뉴타운 제각말)",02-6497-1400
293,(주)스포츠플러스,서울 강남구 역삼동 791-12번지 삼영빌딩 2층,02-3454-1265
294,(주)오피피엘,서울특별시 마포구 마포대로 44 진도빌딩 14층 (도화동),02-303-6269
295,지앤지프로덕션(주),서울 강남구 도곡동 411-19 지앤지빌딩 4층,02-3460-4800
296,(주)애드넷씨에스,서울 중구 충무로2가 48-5 은광빌딩 4층,02-2273-6646
297,(주)딜라이브강남케이블티브이,서울특별시 강남구 학동로 318 유경빌딩 4층 (주)딜라이브강남케이블TV 광고영업팀 ,070-8121-7042
298,(주)팀케이,서울특별시 마포구 월드컵북로 402  (상암동) KGIT센터 24층,02-6393-4550
299,(주)씨엔씨붐,서울특별시 강남구 테헤란로 313 1718호 (역삼동),02-511-6001
300,(주)유달리커뮤니케이션즈,서울 강남구 논현2동 218-16,02-3443-7906
301,(주)엠피디컴퍼니,"서울특별시 강남구 강남대로92길 31 6층, 6321호 (역삼동)",02-6085-7708
302,(주)제이앤케이인글로벌,서울특별시 종로구 종로 1 (종로1가),070-8916-0152
303,(주)더문컴즈,서울특별시 구로구 디지털로31길 20 에이스테크타워5차 905호~906호 (구로동),02-855-7242
304,주식회사 함샤우트두들,서울특별시 마포구 마포대로 89  (도화동) 포스트타워 16층,02-6020-0500
305,주식회사 설린애드,부산 중구 중앙동2가 10번지 대신증권빌딩 3층,051-467-9918
306,(주)더블유나인,서울특별시 영등포구 국회대로66길 19 402호 (여의도동),02-780-4530
307,하우투펀,서울특별시 마포구 와우산로35길 3 201호 (서교동),02-6215-1604
308,(주)스프링비트컴,"서울특별시 강남구 역삼로 228 , 201호 (역삼동, 한성빌딩)",02-6928-2200
309,(주)애드팔레트,"서울특별시 종로구 새문안로 103-1  (신문로1가,다정빌딩)",02-511-5016
310,(주)스텀프월드,서울 성동구 성수2가3동 281-26 휴먼테코 204호,02-6466-5440
311,(주)바인앤베리,서울 영등포구 영등포동5가 44번지 3층,02-2260-5491
312,(주)슈퍼미디어,서울 금천구 가산동 371-28 우림라이온스벨리  씨-507,02-582-1218
313,(주)제이앤씨마케팅커뮤니케이션,서울 관악구 청룡동 KT관악지점 4층,02-737-2378
314,(주)투와이드컴퍼니,"서울특별시 강남구 남부순환로351길 19 , 4,6층(도곡동)",02-593-8451
315,애플아이엠씨컴퍼니(주),서울특별시 영등포구 국회대로 750 208호 (여의도동),02-761-1400
316,(주)애드웹커뮤니케이션,서울 금천구 가산동 371-28 우림라이온스밸리 비 - 312호,02-3482-2004
317,주식회사애드넷21,부산광역시 북구 금곡대로638번가길 26  (금곡동),051-341-8894
318,(주)애플애드벤처,대구광역시 중구 달구벌대로 2221 (삼덕동3가) 3층,053-254-0911
319,(주)더리얼마케팅,서울특별시 강남구 압구정로10길 13 (마사빌딩 401호) (신사동),02-518-5112
320,(주)에이치앤에이치엔터테인먼트,서울특별시 강남구 논현로149길 12  (논현동),02-546-0966
321,(주)유오케이,광주 서구 양동 60-37 KDB빌딩 1807호,070-8890-8573
322,바움크리에이티브 주식회사,"부산광역시 금정구 중앙대로 1817 , 비엔빌딩 (구서동)",051-519-2000
323,(주)갤럭시아에스엠,"서울특별시 강남구 학동로 311  (논현동,미성빌딩) 7층",02-775-1300
324,(주)시크릿아일랜드,제주특별자치도 제주시 황사평6길 90-8  (화북이동)1층,064-721-0800
325,(주)컴시너지,서울 서초구 방배동 951-8,02-3448-9700
326,제콘플러스(주),"서울특별시 서초구 신반포로47길 36  (잠원동,남전빌딩) 2층",02-2015-7401
327,(주)홀컴,서울 영등포구 여의도동 12-1 삼도오피스텔 901호,02-6264-6522
328,굿윌커뮤니케이션즈(주),서울특별시 중구 동호로 292 5층 (장충동2가),02-2263-4754
329,(주)에딧,서울특별시 강남구 학동로3길 9  (논현동) 명림빌딩 5층,02-562-5426
330,(주)다복미디어,서울특별시 영등포구 여의대방로67길 21 9층 924호 (여의도동),02-592-0083
331,(주)크리에이티브봄,서울 용산구 한남동 이태원로 55 나길 7,02-544-6033
332,(주)유어비즈,서울 강남구 역삼동 735-32 쓰리엠타워 11층,02-569-2031
333,(주)나비프론티어,서울특별시 강남구 테헤란로78길 14-10  (대치동) 약산빌딩 3층,02-516-6645
334,주식회사 포유커뮤니케이션즈,"부산광역시 해운대구 센텀동로 99 , 벽산e센텀클래스원 1001호 (재송동)",051-552-7978
335,(주)티지크리에이티브,"서울특별시 강남구 학동로14길 11 202호(논현동, 엘리트빌딩)",02-3442-6702
336,(주)톰커뮤니케이션즈,서울 강남구 삼성동 120-12 오로라빌딩 2층,02-561-8700
337,(주)오렌지공작소,서울 영등포구 신길1동 22-5 대우디오빌 1411,02-848-3288
338,(주)유피피코리아,서울특별시 강남구 논현로114길 8 2층 (논현동),02-426-1480
339,(주)미본,"광주광역시 남구 사직길 26  (사동,2층))",062-953-8857
340,(주)유브레인커뮤니케이션즈,서울특별시 마포구 창전로 90 6층 (신수동),02-543-3722
341,(주)디에이와이엔터테인먼트,"서울특별시 양천구 목동서로 225  (목동,대한민국예술인센터1410호)",02-525-6645
342,(주)이피피엔,서울특별시 강남구 학동로7길 29  (논현동),02-2085-1800
343,주식회사 미디어컴,"서울특별시 마포구 와우산로 49  (상수동,상수 아뜨리에 9층) 902",02-761-1031
344,(주)엠에프미디어,서울특별시 서초구 논현로5길 16-5 1층 (양재동),02-6084-1617
345,(주)에이플랜,"대구광역시 수성구 상화로 34  (상동, 3층)",053-766-7060
346,엠퍼니인터랙티브(주),서울 강남구 논현동 242-44,02-6404-1663
347,주식회사 디케이,대전 서구 둔산동 1182 송전빌딩301호,042-221-0900
348,(주)얼라이브미디어컴퍼니,서울특별시 중구 충무로 13 엘크루메트로시티 1007호 (충무로3가),02-2268-3051
349,(주)비젼컴퍼니,"서울특별시 영등포구 국회대로70길 22  (여의도동, 금강빌딩10층 1001호)",02-786-0701
350,(주)지에스넷비전,"서울특별시 강남구 논현로 508  (역삼동,GS타워)",02-2068-1756
351,(주)디지털에볼루션,"서울특별시 마포구 백범로 235  (신공덕동,신보빌딩) 2층",02-701-5973
352,(주)동성미디어,강원도 강릉시 수리골길 12-6  (포남동),033-651-4142
353,크리에이티브리퍼블릭(주),서울특별시 강남구 도산대로45길 10-8  (신사동) 2층,02-511-3930
354,주식회사타겟커뮤니케이션즈,부산광역시 해운대구 센텀중앙로 66  (우동) 센텀T타워제5층,051-701-5553
355,디케이이앤엠,"서울특별시 강남구 영동대로122길 15  (삼성동,클레어홀딩스빌딩) 3층",02-3448-4484
356,(주)아주뉴스코퍼레이션,서울특별시 종로구 종로1길 42  (수송동)11층,02-767-1500
357,(주)아주엠앤씨,서울 중구 충정로1가 청양빌딩 ,02-720-0455
358,(주)오감인터렉티브,"서울특별시 서초구 강남대로99길 49  (잠원동,잠원동 삼양빌딩 비동) 5층",02-3445-5255
359,(주)비투비즈,"경기도 성남시 분당구 느티로 22  (정자동,백궁 동양파라곤)비-2805",031-782-7270
360,(주)서현애드,대구광역시 중구 봉산문화1길 29  (봉산동),070-8808-7134
361,(주)이음스토리,"서울특별시 동대문구 경희대로 26  (회기동,경희대학교 경영대학관 및 국제회관) 창업보육센터 506호",02-964-0561
362,(주)허밍아이엠씨,"서울특별시 서초구 강남대로 311, 9층 915호(서초동,한화생명보험빌딩)",02-2038-7939
363,(주)굿초이스,"서울특별시 송파구 송파대로 111 103동 705호 (문정동, 파크하비오)",02-333-1935
364,(주)네오스토리,서울 광진구 자양동 222-7   3층,02-457-5123
365,(주)메네스,서울 강남구 논현동 223-5 501호,02-2203-2290
366,(주)미소다컴,"서울특별시 강남구 압구정로28길 9-2 , 수정빌딩 5층 (신사동)",02-2232-3737
367,(주)리고,"서울특별시 서초구 서초대로 397  (서초동,부띠크 모나코 업무시설,판매시설 등) 1801",02-558-8817
368,(주)유끼커뮤니케이션,"서울특별시 강남구 도산대로 327  (신사동,KMD빌딩) 502",02-3445-6428
369,(주)라아미디어,경기도 성남시 분당구 성남대로 295 씨동 204호 (정자동),031-711-7897
370,(주)일오삼프로덕션,"서울특별시 서초구 마방로 16  (양재동,재연빌딩) 2층",02-529-9417
371,(주)레브컴그룹,"서울특별시 강서구 강서로 462  (등촌동,대룡드림타워-1) 7층 708호",02-3448-5370
372,(주)콘텐츠연,서울특별시 성동구 연무장11길 10  (성수동2가) 우리큐브빌딩,02-546-0320
373,주식회사브레인스톰,부산광역시 수영구 수영로 650 (광안동) 2층,051-851-1531
374,(주)애플망고커뮤니케이션,서울특별시 강남구 논현로95길 12  (역삼동),02-547-8822
375,(주)비즈플,"서울특별시 영등포구 양평로 95-1  (양평동4가,동진빌딩) 3층",070-8258-1336
376,(주)드림아이플래너스,서울 중구 신당3동 372-72,02-2236-5580
377,(주)글로벌케이티티,서울특별시 영등포구 63로 32 (여의도동 콤비빌딩) 10층 1007,02-784-2452
378,(주)스토리인,서울특별시 강남구 삼성로119길 17  (삼성동)지하B101호,070-8825-5790
379,(주)미디어유성,"부산광역시 해운대구 센텀동로 41 , 1층 101호 (우동, (주)웹스)",051-757-7890
380,(주)에이디자인,"서울특별시 강남구 도산대로89길 8  (청담동,LH빌딩) 5층",070-7462-1405
381,(주)로지소프트,"서울특별시 강남구 언주로85길 24  (역삼동,유니팜타워)5층",02-6911-3905
382,(주)흥전기획,서울특별시 영등포구 국제금융로8길 27-9  (여의도동) 동북빌딩 5층,02-785-0277
383,(주)플랜티넷,"경기도 성남시 분당구 대왕판교로 670  (삼평동) 유스페이스2,A동층",070-4489-7029
384,(주)세요미디어,"서울특별시 서초구 강남대로 309  (서초동,코리아비지니스센타)914",02-725-3061
385,액티브인터내쇼날(주),서울특별시 강남구 테헤란로87길 36  (삼성동) 2304호,02-2016-6091
386,(주)아이알플러스,서울특별시 강남구 강남대로114길 20  (논현동) 동명빌딩 3층,02-557-9592
387,미디어포커스(주),"서울시 종로구 새문안로 92 (신문로1가, 광화문오피시아) 2029호",02-771-3200
388,베티카(주),"서울특별시 강남구 테헤란로70길 14-8  (대치동,세왕개발빌딩)864",070-7516-7999
389,(주)리프앤바인,서울특별시 강남구 봉은사로 304 금강빌딩 11층 (역삼동),02-6930-9000
390,(주)두리컴,"부산광역시 해운대구 센텀중앙로 48  (우동, 에이스하이테크21)",051-501-5240
391,(주)광고방,서울 강남구 청담동 95-3,02-542-9048
392,(주)올리브애드,서울특별시 서초구 사임당로 58 비1-210호 (서초동),02-723-6991
393,(주)판테라픽펴스,서울 마포구 상수동 64-10 씨코빌딩 2층,02-859-3071
394,(주)이호이앤에프,"서울특별시 마포구 창전로 12  (신정동,농은오피스텔) 지하1층",02-540-7942
395,(주)타임코미디어,서울특별시 강남구 테헤란로8길 32  (역삼동) 타임코빌딩 502,02-561-6260
396,(주)포시즌인사이드,"부산광역시 해운대구 센텀중앙로 90 1407호 (재송동, 큐비이센텀)",051-201-3747
397,(주)엠에이피에스,"서울특별시 종로구 인왕산로1길 25 (사직동), 5층",02-499-7411
398,(주)미디어앤,서울특별시 마포구 월드컵북로5길 48-9 1층 서교동 (서교동),02-2097-7998
399,주식회사 즐거운인생열시십분사십초,서울특별시 강남구 학동로8길 10 401호 (논현동),02-2015-7490
400,(주)인터러뱅커뮤니케이션즈,"서울특별시 강남구 논현로67길 25  (역삼동,역삼동빌딩) 5층",02-568-3210
401,(주)엠플러스어소시에이션,서울특별시 마포구 동교로 187  (동교동) 4층,02-6264-0390
402,(주)이니셔티브,"서울특별시 강남구 언주로 727  (논현동,트리스빌딩)",02-6255-0055
403,(주)테라애드컴퍼니,"서울특별시 영등포구 국제금융로8길 19  (여의도동,중앙빌딩) 816",02-6925-5375
404,(주)피엘미디어,서울특별시 영등포구 국제금융로6길 33  (여의도동) 맨하탄빌딩 1308,02-786-5706
405,(주)포이시스,"서울특별시 금천구 가산디지털1로 168  (가산동,우림 라이온스밸리) B-1412",02-2102-7100
406,파스텔미디어(주),"서울특별시 서대문구 서소문로 27  (충정로3가,충정리시온) 2층 220, 221",02-364-2585
407,(주)초록물고기아트텍,"제주특별자치도 제주시 중앙로 217  (이도이동,제주벤처마루) 806",064-725-2131
408,(주)오아시스컴퍼니,경기도 안산시 단원구 원고잔로 6 11층 1113호 (고잔동),070-4113-2808
409,(주)나인토마토,"서울특별시 용산구 한강대로 109  (한강로2가,용성비즈텔)",02-794-7890
410,(주)디애드,"서울특별시 마포구 월드컵북로 375 ,905호(상암동, DMC 이안 상암1단지)",02-783-5670
411,(주)라온플러스,충청북도 청주시 서원구 장암동 172-30  (장암동),043-264-0014
412,(주)메타커뮤니케이션즈,서울특별시 강남구 논현로86길 27  (역삼동) 동보빌딩 2층,02-566-6644
413,(주)양유,"서울특별시 서초구 방배천로2길 27  (방배동,AP 빌딩)2층",02-523-5780
414,(주)초아커뮤니케이션,서울특별시 마포구 와우산로29가길 9 초아빌딩 1층 (서교동),02-322-1155
415,(주)쓰리코어,서울특별시 강남구 봉은사로82길 31 (삼성동 예논빌딩) 3층,02-862-7667
416,(주)트리니티마케팅컴퍼니,서울특별시 강남구 봉은사로26길 14  (역삼동),02-516-5022
417,(주)프로네어,서울특별시 영등포구 국제금융로 78  (여의도동) 홍우빌딩 703-B호,02-326-0804
418,주식회사 엠케이이노베이션,"서울특별시 강남구 학동로26길 70 (논현동, 301호)",02-712-9665
419,김영일교육컨설팅(주),"서울특별시 강남구 도곡로13길 6  (역삼동,석영빌딩) 2,3층",02-3432-0101
420,(주)인포굿,경기도 성남시 분당구 서판교로 164  (판교동)훼미리프라자403호,070-4216-8877
421,(주)메이저인터랙티브,"대구광역시 동구 동부로26길 60  (신천동,유진빌딩)",053-751-3488
422,허밍스토리(주),서울특별시 마포구 어울마당로5길 23  (서교동) 401-1 4층,02-334-0901
423,유니비젼(주),대전광역시 서구 도산로 452  (용문동),042-536-0904
424,(주)펜타브리드,서울특별시 서초구 서운로26길 9  (서초동),02-6911-5555
425,(주)연훈커뮤니케이션,서울특별시 강남구 논현로124길 5  (논현동) 동양빌딩 4층,02-3444-8680
426,(주)에스앤씨스토리,"서울특별시 서초구 마방로2길 9  (양재동,보광빌딩) 6층",02-511-2010
427,(주)투앤파트너스,서울특별시 강남구 강남대로156길 24  (신사동) 유진빌딩 5층,02-546-9082
428,글로벌엔터피아(주),서울특별시 강남구 도산대로17길 8  (신사동) 동문빌딩,02-548-5922
429,(주)와이에스케이미디어,"서울특별시 종로구 세종대로 178  (세종로,정보통신,광화문전화국) 지상 1층",02-739-0065
430,(주)아이기스플래닝,서울특별시 송파구 위례성대로 18  (방이동) 금복빌딩 1204호,02-416-8315
431,(주)케이모스트컴퍼니,"서울특별시 강남구 언주로 427  (역삼동,디오빌역삼)",02-3466-6962
432,(주)솔트앤파트너즈,서울특별시 송파구 충민로2길 36  (장지동) 2층,02-569-3713
433,(주)에쓰디,"인천광역시 남구 주안로 108  (주안동,경향프라자 807)",032-424-2204
434,(주)메이크애드,서울특별시 강남구 도산대로 159-3  (신사동) 2층 201호,02-3416-0091
435,(주)아이앤유니,서울 금천구 가산동 에이스하이엔드타워3차 408호,02-2624-1800
436,(주)오즈커뮤니케이션,"경상남도 김해시 해반천로130번길 11 ,401호 (삼계동)",055-312-6808
437,(주)커뮤니케이션파크,"서울특별시 강서구 공항대로 219 1016호 (마곡동, 센테니아)",02-780-0025
438,(주)피더블유피,서울특별시 금천구 가산디지털1로 52  (가산동),02-2658-3273
439,(주)프랜드미디어,서울특별시 강남구 도곡로 139  (역삼동),02-3448-8980
440,(주)아이프로스펙트코리아,"서울특별시 강남구 테헤란로79길 6 10층 (삼성동,제이에스타워)",02-6005-0904
441,(주)디앤에이애드,서울특별시 동대문구 하정로 22-10 SG빌딩 3층 301호 (신설동),070-4734-8301
442,주식회사 에이블,"대전광역시 유성구 대학로 31  (봉명동,유성한진오피스텔)",042-822-1157
443,(주)인터크레존(서울),"서울특별시 서초구 신반포로 332 4층 (반포동,우진빌딩)",02-3442-4004
444,(주)미디어삼육공,"서울특별시 중구 장충단로 188  (장충동1가,분도빌딩) 3층 301호",070-4624-3600
445,(주)티원미디어,"서울특별시 강남구 언주로172길 65  (신사동,휴빌딩) 5층",02-511-4234
446,(주)컴웨이블루,서울특별시 송파구 백제고분로20길 13-8 16호-2 삼우빌딩(잠실동),02-564-3400
447,(주)스튜디오애니멀,"경기도 부천시 원미구 부천로198번길 18  (춘의동,춘의테크노파크II) 202-1006",032-623-0242
448,(주)가람슬기,"서울특별시 서초구 사평대로 140  (반포동,타호비즈니스센터) 206",02-537-9754
449,(주)나우콜,"서울특별시 서초구 강남대로45길 20  (서초동,서주빌딩) 101",070-7734-8582
450,(주)엘케이애드컴,서울특별시 은평구 은평로18길 6-14  (응암동),02-383-1584
451,(주)빅컴,전라북도 전주시 완산구 평화로 141  (평화동2가),063-226-2141
452,(주)조이디엑스,"서울특별시 영등포구 버드나루로14길 15  (영등포동7가,세명빌딩) 4층 401호",02-2675-8411
453,(주)커뮤니케이션포이보스,서울특별시 강남구 언주로81길 8  (역삼동) 산정빌딩 202,02-6402-8555
454,(주)지구인살리기,서울특별시 강남구 도산대로8길 15  (논현동)논현빌딩5층,02-567-3232
455,(주)필애드,"전라북도 전주시 완산구 아중로 33,4층 405호  (중노송동,전주정보영상진흥원)",02-518-8964
456,(주)아이디어스,"광주광역시 북구 첨단과기로176번길 27 602(오룡동,재단법인광주디자인센터)",070-4233-7378
457,(주)알앤씨온,"서울특별시 마포구 양화로7길 56  (서교동,천홍빌딩) 3층",02-597-2388
458,(주)오디웨이,"서울특별시 서초구 효령로 182  (방배동,동성빌딩)",02-3471-8146
459,(주)포엠미디어,서울특별시 강남구 논현로150길 15  (논현동) 402호,02-542-1656
460,(주)미디어실버,"서울특별시 서초구 남부순환로 2606 ,8층(양재동,금정빌딩)",070-7620-2689
461,(주)코리아미디어스퀘어,서울특별시 영등포구 국제금융로8길 19  (여의도동)중앙빌딩 912호,070-4800-4004
462,(주)엠캣쳐,서울특별시 중구 마른내로4길 29-1  (충무로4가)2층,02-2655-2909
463,(주)니치비젼,서울특별시 영등포구 63로 32  (여의도동) 1105호,02-786-9858
464,(주)스노우볼커뮤니케이션즈,서울특별시 구로구 새말로18길 24  (구로동) 2층,02-562-4009
465,이더블유더블유(주),서울특별시 구로구 구로중앙로28길 31-51  (구로동) 101,02-407-2589
466,(주)한국프랜차이즈서비스,서울특별시 강남구 봉은사로 129-1  (논현동) 751빌딩 7층 702-03호,070-4340-0910
467,(주)파란디에스아이,"경기도 안양시 동안구 시민대로 267  (관양동,평촌아크로팰리스) 611",031-396-5200
468,(주)마리아엔터테인먼트,경기도 용인시 수지구 광교중앙로 301  (상현동) 드림타워602-1호,031-214-3877
469,(주)오늘컴,서울특별시 종로구 대학로12길 50 5층 501호 (동숭동),02-3445-3252
470,(주)시카고프로젝트,경기도 파주시 돌곶이길 106  (서패동),02-6365-1218
471,산타클로스(주),"서울특별시 영등포구 국회대로 800  (여의도동,진미파라곤) 822",02-782-9995
472,주식회사 애드진,경상남도 진주시 진주대로1108번길 6  (평안동),055-755-7267
473,(주)이엔씨커뮤니케이션스,"서울특별시 구로구 디지털로 242  (구로동,한화비즈메트로1차)610",02-2621-2095
474,커뮤니케이션그룹 휘슬(주),서울특별시 종로구 새문안로5가길 28 1102호 (적선동),02-585-4082
475,지수(주),"서울특별시 강남구 역삼로11길 6  (역삼동,명인갤러리) 503",02-572-0304
476,주식회사 코아컴(부산),"부산광역시 해운대구 마린시티2로 2 ,마린파크 905호 (우동)",051-744-6677
477,(주)라파크,서울특별시 강남구 봉은사로 454 금탁타워 7층 (삼성동),02-511-0090
478,채널원,대전광역시 중구 유천로 10-1  (유천동),042-582-5910
479,(주)스탠다드커뮤니케이션,서울특별시 용산구 서빙고로91라길 13  (동빙고동),02-797-7105
480,더메이커스(주),"서울특별시 강남구 논현로 714  (논현동,대흥빌딩) 4층",02-510-9900
481,(주)소리지오,"서울특별시 영등포구 양산로 57-5 (양평동3가, 양평동 이노플렉스) (양평동3가)",02-6675-0123
482,(주)컴버전스,서울특별시 서초구 방배로19길 31  (방배동) 서진빌딩 5층,02-585-4688
483,(주)비브커뮤니케이션즈,"서울특별시 강남구 역삼로 172  (역삼동,2층)",02-574-7076
484,(주)운화미디어,"경기도 성남시 분당구 황새울로360번길 21  (서현동,분당서현 신영팰리스타워) 706",031-8000-9700
485,(주)오케이애드컴,서울특별시 강남구 논현로163길 10  (신사동) 베드로빌딩 6층 601,02-3443-1478
486,(주)움티안,"서울특별시 성동구 광나루로 130 1306호 (성수동1가, 서울숲아이티캐슬)",02-6310-6197
487,(주)미디어움,"서울특별시 마포구 월드컵북로 396 403(상암동,누리꿈스퀘어,비즈니스타워)",02-3151-9971
488,(주)아이오케이미디어,경기도 남양주시 화도읍 재재기로122번안길 26-2 아이오케미디어,02-549-0013
489,엔자임헬스 주식회사,서울특별시 종로구 자하문로 52  (창성동),02-318-5840
490,(주)탱크하우스,"서울특별시 서초구 나루터로 75  (잠원동,금산빌딩) 206호",02-545-4274
491,(주)큐스컴,서울특별시 강남구 강남대로62길 18  (역삼동) 맥산빌딩,02-554-6401
492,(주)큐인사이트,서울특별시 강남구 강남대로62길 18  (역삼동) 맥산빌딩 402-2호,02-554-6402
493,(주)브랜드센세이션,서울특별시 마포구 월드컵북로5길 38 다다빌딩 4층  (서교동),02-6743-3323
494,(주)오월커뮤니케이션즈,서울특별시 마포구 독막로 320 12층-1208 (도화동),02-3444-4590
495,(주)신컴,서울특별시 종로구 경희궁2길 14  (내수동) 402,02-724-9004
496,(주)지니스커뮤니케이션,"서울특별시 강남구 언주로170길 8  (신사동,스페이스데코) 2층",02-546-7446
497,(주)모픽미디어웍스,"부산광역시 해운대구 센텀동로 99  (재송동,벽산e센텀클래스원)",070-7753-8883
498,(주)아이브커뮤니케이션즈,서울특별시 강남구 논현로149길 13 예진빌딩 3층,02-2203-8500
499,(주)베리타스커넥트,"서울특별시 서초구 강남대로 331  9층(서초동, 광일빌딩)",02-561-5225
500,(주)원이엔티,서울특별시 마포구 월드컵북로 361 2동 1404호 (상암동 디엠씨이안오피스텔),02-711-9181
501,(주)판 커뮤니케이션,"대구광역시 남구 현충로 170 (대명동, 산학협력관 211호)",053-621-2254
502,(주)이너스커뮤니티,서울특별시 금천구 가산디지털1로 186 705호 (가산동),02-519-1200
503,(주)한국디지털컨텐츠,"서울특별시 중구 필동로 37  (필동3가,평강빌딩) 11",02-2260-2800
504,웨스트커뮤니케이션즈(주),"서울특별시 강남구 학동로2길 19  (논현동,세일빌딩)",02-3443-9021
505,(주)하나애드아이엠씨,"서울특별시 구로구 디지털로34길 27  (구로동,대륭포스트타워Ⅲ) 810",070-8656-5372
506,(주)후너스엔터테인먼트,"경기도 성남시 분당구 백현로 93  (수내동,로지트벤처빌딩)",031-603-9606
507,(주)더봄크레이티브,세종특별자치시 부강면 부강외천로 173 1층 105-1호,070-4230-0586
508,(주)에이전시더블유,서울특별시 서초구 서초중앙로12길 7  (서초동) 도체오빌딩 3층,02-2017-6105
509,(주)크리에이티브닷,서울특별시 강남구 도산대로67길 14  (청담동) 4층,02-542-9048
510,(주)에프엔모빌리티,부산광역시 부산진구 가야대로 574 (영진빌딩4층)(가야동),051-7979-7979
511,(주)컴퍼니,서울특별시 강남구 압구정로30길 73 도일빌딩 2층(신사동),02-2038-2272
512,(주)표현,서울특별시 강남구 논현로150길 13 혜창빌딩 6층(논현동),02-561-3664
513,주식회사 트리니티스튜디오,"서울특별시 마포구 월드컵북로 402 16층 C-03호 (상암동, 케이지아이티센터)",070-8781-4964
514,(주)텅인더마우스,서울특별시 마포구 월드컵북로15길 20 4층 (성산동),070-4349-5617
515,(주)에스피코리아,대구광역시 남구 대명남로 115 (대명동),053-588-0318
516,(주)베리모먼트,서울특별시 강남구 선릉로111길 41  (논현동) 3층 ,02-552-9347
517,(주)탄앰엔씨,서울특별시 강서구 양천로 551-17 911(가양동，비즈메트로1차),02-2654-6563
518,주식회사만,경상남도 진주시 진양호로111번길 22 (평거동，골든빌리지),055-742-5332
519,(주)굿무비프로덕션,경상남도 창원시 마산합포구 동서북10길 55-2 (창동),055-299-5506
520,(주)티앤아이컬쳐스,경기도 남양주시 와부읍 수레로319번길 18 (주)티앤아이 신관 M동 2층 ,02-558-7454
521,(주)에치앤피,서울특별시 서초구 강남대로23길 64  대산빌딩 4층(양재동),02-543-5600
522,미디어뱅크 주식회사,대구광역시 북구 칠성로5길 9-1 1층(칠성동2가),070-8232-8812
523,(주)브랜드발전소,서울특별시 구로구 디지털로34길 55 1201호 (구로동),02-2650-3810
524,(주)라온크리에이티브,서울특별시 강남구 논현로155길 9 솔로몬빌딩 201(신사동),02-577-4754
525,(주)제이비씨코리아,"서울특별시 서초구 서초대로 3-4 B동 1005호(방배동, 방배디오슈페리움1)",02-521-3789
526,(주)메익에프,서울특별시 강남구 봉은사로44길 43 오빌센터 105 (역삼동),070-7808-7355
527,(주)유진프로덕션,서울특별시 양천구 목동서로 77 현대월드타워 1728 (목동),02-2061-5080
528,(주)미디어오딧코리아,서울특별시 영등포구 여의대로 8 여의도파크센터 비-2502(여의도동),02-780-1331
529,주식회사 디지털노을,충청북도 충주시 계명대로 136 (교현동),043-848-0018
530,(주)제이엔케이커뮤니케이션즈,서울특별시 영등포구 여의대방로 379 제일빌딩 616-1호(여의도동),02-780-9685
531,(주)바른기획,서울특별시 성북구 삼선교로 54 (삼선동3가),02-743-9330
532,주식회사 모투스 컴퍼니,서울특별시 용산구 녹사평대로11길 58  (서빙고동),02-3780-0012
533,태영애드,"대구광역시 수성구 수성로 165 광명아파트 A동 지하상가 1-1호 (중동, 광명맨션)",053-763-9288
534,(주)와이컴,대구광역시 동구 동대구로 441  (신천동),053-757-5132
535,(주)위놉스,제주특별자치도 제주시 첨단로 241 방송통신융합센터 201 (영평동),064-721-3330
536,(주)씨엠스나인,경기도 시흥시 호현로 86 3층 (대야동),02-8234-2429
537,(주)레드커뮤니케이션,서울특별시 강남구 강남대로132길 4 진빌딩3층 (논현동),02-516-8993
538,(주)본팩토리,서울특별시 강남구 삼성로119길 45 4층(삼성동),02-3444-1055
539,(주)결커뮤니케이션즈,"서울특별시 마포구 연남로 47 302호(연남동, 영진빌딩) (연남동)",070-8895-3153
540,(주)빅트리파트너스,서울특별시 양천구 목동동로 233 (목동) 12층,02-2183-0090
541,(주)로코,서울특별시 중구 퇴계로20나길 9 (남산동2가) 온누리빌딩,070-7525-5352
542,(주)컬러드스톤미디어그룹,"서울특별시 금천구 가산디지털2로 67  (가산동) 에이스하이엔드타워 7, 1503호",070-4837-4930
543,(주)미쓰윤,서울특별시 서초구 양재천로17길 3  (양재동) 미쓰윤 드 빌라 2층,02-522-2266
544,주식회사 앙세다,충청북도 청주시 흥덕구 짐대로 20 202 (복대동),043-275-9777
545,(주)애드오션컴,서울특별시 마포구 동교로 181-7 3층 (동교동),02-790-2386
546,(주)지엑스,"부산광역시 해운대구 센텀동로 41 센텀벤처타운 612호 (우동, 센텀벤처타운)",051-418-4134
547,미디어커뮤니케이션(주),서울특별시 마포구 마포대로 127 풍림브이아이피텔 714호(공덕동),02-703-7008
548,(주)피아미디어그룹,"서울특별시 영등포구 양산로 57-5 307호 (양평동3가, 양평동 이노플렉스)",02-1877-0753
549,(주)에이사이드,전라북도 전주시 완산구 황강서원4길 3-6  (효자동3가),063-225-8417
550,(주)카메디아스퀘어,"부산광역시 해운대구 센텀동로 41  (우동, 센텀벤처타운)",070-4322-2028
551,(주)클콩,서울특별시 마포구 성암로 330 DMC첨단산업센터 524 (상암동),02-584-1224
552,(주)위즈씨엔아이,광주광역시 서구 화개중앙로49번길 6  (금호동),062-383-2838
553,(주)하이브파트너스,대전광역시 유성구 유성대로811번길 8 드림빌딩 (장대동),042-486-5552
554,(주)컴퍼니에프,서울특별시 마포구 와우산로 57 2층 (상수동),02-334-7191
555,(주)브이컴,"서울특별시 송파구 위례성대로16길 27  (방이동, 거성빌딩)",070-4390-3821
556,(주)케이에스씨,강원도 원주시 치악로 1497 3층 (관설동),033-743-3125
557,(주)컴퍼니93,서울특별시 서초구 신반포로 325 5층 502-2호 (잠원동),070-8883-5350
558,(주)아트렉,서울특별시 서초구 강남대로97길 64 대일빌딩 3층 302호 (잠원동),02-541-9655
559,(주)리애드커뮤니케이션,서울특별시 강동구 상암로 103 유도빌딩2층 (암사동),02-421-9102
560,(주)코리아커뮤니케이션즈,대구광역시 중구 대봉로 200 세원빌딩 4층 (대봉동),053-427-4312
561,(주)에브리미디어,서울특별시 영등포구 국회대로76길 18 오성빌딩 8층 801-2 (여의도동),02-786-6666
562,(주)피피엘카,경기도 고양시 일산동구 고풍로43번길 32-1  (풍동),031-4100-0939
563,(주)프리어,"서울특별시 강서구 마곡서로 152  (마곡동, 두산더랜드타워 B-1119호)",02-2647-9156
564,(주)선을만나다,서울특별시 서대문구 연희로15길 46  (연희동),02-739-4931
565,(주)피치커뮤니케이션,서울특별시 서초구 강남대로23길 64 대산빌딩 2층 (양재동),02-543-5600
566,(주)트렌드이슈폴리시,"서울특별시 강남구 도산대로55길 20 4층 (청담동,영빌딩)",02-511-4944
567,(주)애드타임컴퍼니,"서울특별시 서초구 방배중앙로 156 2층 (방배동,희수빌딩) ",02-584-3101
568,주식회사리프로덕션,"부산광역시 남구 수영로325번길 12     501동 비108호 (대연동, 대우푸르지오아파트)",051-623-1245
569,(주)에이치디아이미디어,경상북도 포항시 북구 법원로11번길 6-1  (장성동),054-246-6650
570,위크리에이트(주),서울특별시 강서구 마곡중앙로 161-8  (마곡동 두산더랜드파크) C동 813호,070-8711-9569
571,(주)애드파워(서울),"서울특별시 강남구 언주로 641 1703호(논현동, 펜트힐 루 논현)",02-556-8957
572,(주)아람비,서울특별시 중구 마른내로12길 26  (충무로5가) 경원빌딩 2층,02-6743-3300
573,(주)엠에스미디어,서울특별시 영등포구 여의대방로65길 20 호성빌딩 신관 9층 310호 (여의도동),070-8964-9272
574,(주)스포티즌,"서울특별시 강남구 삼성로 739 신관 4,5층 (청담동)",02-2179-3871
575,(주)캔컴,서울특별시 강남구 논현로117길 7 대운빌딩 3층 (논현동),02-518-1996
576,(주)유-미디어,전라남도 목포시 비파로 20  (상동),061-279-8001
577,(주)크레타커뮤니케이션,"부산광역시 해운대구 APEC로 17 번길   2209호(우동, 센텀리더스마크) (우동)",051-925-9090
578,(주)이노컴즈,서울특별시 금천구 가산디지털2로 98 롯데아이티캐슬 2동209호 (가산동),02-6959-6945
579,(주)빅토리커뮤니케이션,"서울특별시 송파구 송파대로 201 지129-1 (TB-12)호 (문정동, 테라타워2)",070-4200-4338
580,(주)디플래너,대전광역시 서구 문정로40번길 10  (탄방동),042-335-2111
581,(주)와이컴(부산),"부산광역시 부산진구 동천로 10-1 2507호 (전포동, 서면노르웨이의아침)",051-818-0113
582,(주)고공,대구광역시 남구 현충로 170 창업보육센터 805호 (대명동),053-1644-2377
583,(주)아이디어파이,강원도 춘천시 운천길 28-29 (410) (운교동),070-8255-8966
584,(주)네오팝콘,"서울특별시 강서구 양천로 551-17  (1211호) (가양동, 비즈메트로1차)",02-6264-9995
585,(주)자이언트스텝,서울특별시 강남구 학동로37길 8  (논현동),02-549-0005
586,(주)애드워드,서울특별시 서초구 마방로10길 5 17층 (양재동),02-2178-8300
587,(주)부시기획,서울특별시 강남구 학동로6길 8 범우빌딩 3층 (논현동),02-2268-7738
588,(주)포나인커뮤니케이션,광주광역시 서구 상무대로673번길 8  (마륵동),062-383-0085
589,(주)원커뮤니케이션,서울특별시 관악구 신림로66길 29 (2층 203호) (신림동),070-4256-4823
590,(주)커뮤니케이션즈키,서울특별시 강남구 언주로126길 17 와이빌라301호 (논현동),02-517-9157
591,(주)비즈제이,서울특별시 노원구 화랑로 449-7 (101) (공릉동),02-352-6621
592,(주)스쿨터치,"서울특별시 강남구 학동로101길 26 (415-1호) (청담동, 청담 삼익상가)",070-8146-2826
593,(주)블루스크린,서울특별시 서초구 나루터로 59 (4층) (잠원동),02-511-5292
594,(주)지담,서울특별시 영등포구 국회대로76길 22 기계진흥회관 신관 11층 (여의도동),02-3445-5770
595,(주)애드플래닛커뮤니케이션,서울특별시 영등포구 당산로41길 11 E동 12층 1207호 (당산동4가),02-855-1839
596,(주)액센티브,"서울특별시 마포구 와우산로 134 ,3층 (창전동)",02-555-3872
597,포비컴(주),서울특별시 강남구 논현로152길 34 (신사동) 선인빌딩 3층,02-545-5074
598,(주)케이블애드컴,"경기도 부천시 원미구 상일로 120 송내리더스텔 817호 (상동,송내리더스텔)",032-665-5508
599,(주)현애드컴,서울특별시 서대문구 충정로 53 골든타워 빌딩 1510호 (충정로2가),02-312-0050
600,(주)주영컴,부산광역시 수영구 광안해변로 348  (민락동),051-757-5373
601,(주)넥스트라운드,서울특별시 강남구 봉은사로49길 38 (4층) (논현동),02-3446-9795
602,심플렉스인터넷(주),서울특별시 동작구 보라매로5길 15 전문건설회관 (신대방동),02-3284-0300
603,커뮤니크(주),서울특별시 용산구 한강대로44길 14  (한강로2가),02-788-7300
604,(주)강솔미디어,서울특별시 마포구 양화진길 23 에스엘파크2층 (합정동),070-8146-7701
605,(주)티아이디커뮤니케이션,"경기도 의왕시 이미로 40 A동-604호(포일동, 인덕원 IT밸리)",02-6232-9722
606,(주)필라멘트리,서울특별시 강남구 봉은사로49길 17  (논현동),02-517-2102
607,(주)엠트리,서울특별시 서초구 사평대로52길 2 덕일빌딩 3층 (서초동),02-6052-6400
608,(주)비아이스트라코리아,"서울특별시 서초구 강남대로37길 56-18 3층 (서초동, 에메랄드 빌딩) (서초동)",02-542-4168
609,(주)스타세븐,서울특별시 마포구 독막로8길 15 엔더블유에이치빌딩 204호 (합정동),02-337-0487
610,(주)포애드원,서울특별시 중구 통일로 86 바비엥3차 909호 (순화동),02-6399-6363
611,(주)파란애드컴,경기도 안양시 동안구 학의로 282 금강펜테리움아이티타워 B-1724 (관양동),031-463-1048
612,(주)오브제길드,서울특별시 강남구 도산대로26길 17 (1층) (논현동),02-3446-7681
613,(주)우라늄이삼팔,서울특별시 강남구 논현로133길 10  (논현동),02-548-5238
614,(주)미디어와이즈,서울특별시 중구 서소문로 38 대우디오센터 507 (중림동),070-7755-3478
615,(주)다올커뮤니케이션즈,"서울특별시 강남구 도곡로 148 2층 (도곡동, 하우빌딩)",02-2069-0680
616,주식회사 위라,"부산광역시 남구 신선로 365 (용당동, 부경대학교용당캠퍼스창업보육센타) (용당동)",051-627-3131
617,(주)스게티,경기도 성남시 분당구 서현로 170 풍림아이원플러스 B-1405 (서현동),031-708-6271
618,이노마스(주),"서울특별시 강남구 선릉로112길 71 유진빌딩 5, 6층 (삼성동)",02-583-6040
619,(주)플러스토닉,서울특별시 송파구 충민로 10 가든파이브 툴 5층 165호 (문정동),070-4105-0678
620,하트미디어(주),서울특별시 마포구 동교로 134 미진빌딩 6층 (서교동),02-338-1170
621,(주)아이티라인,"서울특별시 강남구 영동대로 648 삼안빌딩 6층, 7층, 8층 (삼성동)",02-3480-5500
622,(주)콜온,"대전광역시 동구 동대전로110번길 4 (대동, 금송빌딩) (대동)",042-223-2579
623,(주)이스트마케팅그룹,서울특별시 강남구 봉은사로 327 궁도빌딩 9층 (논현동),02-3444-8034
624,(주)셀트리온엔터테인먼트,서울특별시 서초구 강남대로99길 7  2층 (잠원동),02-782-7362
625,(주)광개토커뮤니케이션즈,"서울특별시 송파구 오금로36길 13-1 2층, 3층 (가락동)",02-425-5660
626,(주)원앤원엔터테인먼트,강원도 원주시 판부면 매봉길 3 ,033-747-7725
627,주식회사 대광커뮤니케이션,"부산광역시 해운대구 센텀북대로 60 1602호(재송동, 센텀아이에스타워) (재송동)",051-214-7335
628,(주)애디렙,부산광역시 수영구 남천동로 107  (남천동),051-717-0525
629,오브라운(주),서울특별시 강남구 테헤란로 437 삼영빌딩 8층 (삼성동),02-557-6203
630,(주)한뫼,"경기도 성남시 분당구 성남대로916번길 7 302 (야탑동,서일빌딩)",070-4733-4455
631,주식회사 그레이아츠컴퍼니,대전광역시 유성구 노은서로250번길 52  (지족동),042-382-7737
632,울림컴퍼니(주)(광주),광주광역시 동구 금남로 238  (금남로2가),062-374-1013
633,(주)애드마이비지니스,대전광역시 서구 동서대로 692  (도안동),070-5001-5802
634,(주)더블유컴즈,서울특별시 구로구 디지털로30길 28 9층 913호 (구로동),070-8891-8889
635,(주)앤펀,대구광역시 수성구 달구벌대로528길 15 309호 (만촌동),053-754-1277
636,(주)에이치앤코,서울특별시 강남구 선릉로157길 27  (신사동) 4층,02-6225-0630
637,에스알픽쳐스(주),서울특별시 강남구 학동로101길 21 3층 (청담동 신우빌딩) (청담동),02-6368-9889
638,(주)한국이노베이션,서울특별시 서초구 양재천로 113-6  (양재동),02-2106-7500
639,(주)위드커뮤니케이션(부산),경상남도 김해시 장유로 293-2  (무계동),055-312-3043
640,(주)벡터컴,서울특별시 강남구 논현로81길 12  (역삼동) 조앤리빌딩 2층,02-511-5934
641,(주)도브투래빗,서울특별시 성동구 성수이로22길 60 (성수동2가) 5층,02-552-3577
642,(주)얼리스프링,서울특별시 강남구 강남대로92길 31 민석빌딩 3층,070-4618-3849
643,(주)더원미디어넷,서울특별시 성동구 광나루로8길 10 에이스성수타워 404호 (성수동2가),02-462-2084
644,(주)라온팩토리,대전광역시 유성구 대덕대로 530 라열 305 (도룡동),042-861-7752
645,(주)제이커머스,서울특별시 영등포구 양평로22길 21 808-809호 코오롱디지털타워) (양평동5가),02-6737-4500
646,(주)씨케이애드,서울특별시 강서구 곰달래로 120 월드오피스텔 9층 905호 (화곡동),070-7817-0404
647,(주)위드플라이커뮤니케이션즈,서울특별시 강남구 선릉로 743 4층 사코빌딩 (논현동),02-517-2311
648,(주)올컴미디어,"서울특별시 중구 세종대로20길 23 801호 (무교동, 원창빌딩) (무교동)",02-752-7912
649,(주)올림커뮤니케이션즈,충청북도 청주시 흥덕구 사운로 314  (신봉동),043-275-1900
650,(주)휴엔아이,"경기도 부천시 송내대로265번길 17 ,506호(상동, 효성프라자)",032-662-3374
651,엔에이치엔엔터테인먼트(주),경기도 성남시 분당구 대왕판교로645번길 16  (삼평동),031-1800-0704
652,주식회사 올바로,서울특별시 강남구 선릉로76길 22 3층 (대치동),02-858-5858
653,(주)코스믹,서울특별시 광진구 능동로38길 34-5 보길빌딩 202호 (중곡동),02-462-7475
654,(주)코아앤,부산광역시 해운대구 해운대해변로 154  (우동),051-744-6173
655,(주)유커뮤니케이션즈,서울특별시 강남구 테헤란로33길 5  (역삼동) 11층,02-515-6333
656,(주)다인네트웍스,경기도 안양시 동안구 흥안대로427번길 72 문화스마트빌딩6층 (관양동),02-701-8566
657,(주)디토모션,경기도 성남시 분당구 판교역로 230 B동 5층 8-1호 (삼평동),070-7646-1378
658,(주)리앤컴,"서울특별시 중구 정동길 12-10 정동힐스 2,3층 (정동)",02-776-2540
659,(주)미디어마인드,서울특별시 강남구 도곡로 419 2층 (대치동),070-4837-2425
660,(주)제이케이인스퍼레이션,서울특별시 강서구 양천로 694-16 4층,02-6396-8308
661,(주)탁,서울특별시 마포구 양화로10길 50 마이빌딩  (서교동),02-3142-7710
662,(주)미루애드,서울특별시 강남구 자곡로 191 강남푸르지오시티 1차  (자곡동),02-445-3953
663,(주)투데이애드,"제주특별자치도 제주시 삼무로1길 10-8 (연동)8층, 제주연동일성트루엘",02-2604-3711
664,(주)프로덕션 고추잠자리,광주광역시 서구 상무대로967번길 19 지하1층 (쌍촌동),062-653-8465
665,(주)행복한소리,서울특별시 금천구 가산디지털1로 1 더루벤스밸리 1006호,02-2643-7585
666,(주)미디어하프,서울특별시 영등포구 당산로41길 11 당산 SK V1 센터 W동 B305호,02-732-5359
667,(주)피터팬랩,서울특별시 강남구 언주로85길 29  (역삼동) 4층,070-4820-0081
668,(주)이상커뮤니케이션,부산광역시 중구 중앙대로 114  (중앙동4가),051-467-7757
669,(주)이지스커뮤니케이션즈,서울특별시 강남구 논현로81길 8 화진빌딩 (역삼동),02-566-1372
670,(주)에이블리커뮤니케이션즈,서울특별시 강남구 테헤란로33길 35 펠릭스빌딩 (역삼동),070-4888-1094
671,(주)데이트,서울특별시 서초구 서초대로 397 BEHD 1003호 부티크 모나코 (서초동),02-534-4758
672,(주)팩토리나인컴퍼니,"서울특별시 강남구 테헤란로64길 13 1011에이호 (대치동, 선릉역 풍림아이원레몬)",02-6487-7899
673,주식회사 제주아이원,"제주특별자치도 제주시 도령로 54 (노형동), 711호",064-799-6996
674,에그피알(주),서울특별시 중구 정동길 12-11 카리스타워 5층 (정동),02-318-8317
675,(주)니드커뮤니케이션,서울특별시 금천구 가산디지털2로 136 304호 승일벤처타워 3층 (가산동),02-337-2002
676,(주)네고컴퍼니,"서울특별시 서초구 동작대로 186 6층 (방배동, 신흥빌딩)",02-2039-5411
677,(주)애드마기획,서울특별시 서초구 사평대로52길 12 3층 (서초동),02-2026-7120
678,(주)제이디네트웍스,광주광역시 북구 연양로 32 3층 (연제동),070-4154-7727
679,(주)미라클플랜,서울특별시 금천구 디지털로9길 46 이앤씨드림타워7차 1301호 (가산동),02-6959-1979
680,(주)밀크팩토리,서울특별시 서초구 도구로 122 2층 (방배동),070-4278-7602
681,(주)스토리컴,서울특별시 강남구 논현로146길 16 2층 (논현동),070-8262-1152
682,(주)큐라인커뮤니케이션즈,서울특별시 마포구 마포대로 127 911호 풍림브이아이피텔 (공덕동),070-4162-7142
683,(주)지피,"경상남도 창원시 마산회원구 봉양로 88  (봉암동), C동 103호",055-293-0922
684,주식회사 이루다,대전광역시 서구 둔산로137번길 31 건우빌딩 5층 (둔산동),042-1566-7699
685,(주)엔엠이디아이에이,서울특별시 서초구 반포대로20길 36 화성빌딩 202호 (서초동),02-525-8990
686,주식회사 비비콤,대전광역시 서구 둔산서로 31  (둔산동),042-719-4242
687,(주)쇼닥터,"서울특별시 종로구 창경궁로 247-1 ,2층 (명륜2가)",02-318-4419
688,초이스컴(주),"서울특별시 영등포구 영등포로28길 5 161호 (당산동1가, 당산동 코오롱 주상복합아파트)",070-4245-9599
689,(주)오덱스커뮤니케이션스,서울특별시 중구 서소문로 103 배재빌딩 412호 (서소문동),02-755-7798
690,주식회사아나나스,부산광역시 남구 신선로 365 부경대학교용당캠퍼스 10공학관401호 (용당동),070-8233-9640
691,(주)스윙커뮤니케이션,서울특별시 양천구 신정중앙로21길 2-1 2층 (신정동),02-2602-5605
692,(주)전파상프로덕션,서울특별시 강남구 압구정로30길 74 성호빌딩 4층 (신사동),02-540-0252
693,(주)아일랜드스토리,제주특별자치도 제주시 첨단로 213-3  (영평동)스마트빌딩1층 116호,070-4286-4464
694,(주)프로븐,서울특별시 강남구 역삼로 558 안양빌딩 (대치동),02-3496-6100
695,(주)비바체엔터테인먼트,서울특별시 마포구 상암산로 76 10층 와이티엔뉴스퀘어 (상암동),02-761-1073
696,(주)퍼플랩아이앤씨,서울특별시 용산구 독서당로 122-1 (6층) (한남동),02-541-1103
697,(주)리컴퍼니,경기도 성남시 분당구 대왕판교로 670 비동501-1호 (삼평동),031-703-6900
698,(주)시너지플랜트,"서울특별시 강남구 영동대로 602 (삼성동, 삼성동 미켈란 107) 6층 삼성글로비즈 6호",02-522-7731
699,(주)대경애드컴,대구광역시 동구 송라로 64 4층 (신천동),053-254-9114
700,(주)아트판타지아,대구광역시 북구 학정로 132-1  (태전동),02-1661-5680
701,한피알(주),서울특별시 강남구 압구정로72길 21 부원빌딩 3층 (청담동),070-3223-1037
702,(주)인투크리에이티브그룹,서울특별시 강남구 논현로 715 4층 가나빌딩 (논현동),02-3446-3062
703,(주)크리에이티브빅,서울특별시 종로구 혜화로9길 7 3층 (명륜1가),02-6414-3478
704,(주)타임투,서울특별시 용산구 새창로 213-12 413호 (한강로2가),02-6101-0897
705,(주)서경방송,"경상남도 진주시 진양호로 532 (동성동, 삼광빌딩5층) (동성동)",055-740-3001
706,(주)타임스퀘어코리아,서울특별시 서초구 신반포로 194 8층 301호 (반포동),02-6227-5240
707,(주)아우라씨엔씨,서울특별시 영등포구 영등포로5길 31 동애빌딩 503호 (양평동2가),02-3775-0890
708,(주)지지씨에스(GGCS),"서울특별시 영등포구 국회대로 800 , 511호(여의도동, 여의도파라곤)",02-6672-3030
709,(주)해냄커뮤니케이션,서울특별시 마포구 매봉산로 72 상상큐브 4층 (상암동),02-780-3077
710,(주)다음사람,서울특별시 금천구 가산디지털1로 165 5층 501호 (가산동),02-6959-5895
711,(주)에스지크리에이트,"서울특별시 영등포구 국제금융로 70 604호 (여의도동, 미원빌딩)",02-786-9990
712,(주)원츠메이커,서울특별시 강남구 언주로153길 8 3층 (신사동),02-786-0701
713,프롬투커뮤니케이션즈(주),서울특별시 서초구 강남대로51길 10  비1층 106-202호(서초동),
714,(주)프로스앤찬스,서울특별시 강남구 논현로150길 24 3층 (논현동),02-547-4982
715,(주)유앤아이미디어벤처,대구광역시 북구 복현로20길 40-29  (복현동),053-657-4500
716,(주)팀티그리스,대구광역시 북구 영송로 15 대구보건대학교 창업보육센터4층 5404호 (태전동),053-323-0663
717,(주)디자인통,대구광역시 중구 서성로 56-1 서일빌딩 별관B1 (서성로1가),053-254-0488
718,(주)씨에스애드,서울특별시 강남구 테헤란로20길 18 6층(역삼동),02-462-7475
719,(주)뉴스1부산경남,부산광역시 동래구 여고로 1  (사직동),051-990-1000
720,(주)타이밍벨트,서울특별시 마포구 연희로 11 5층 S-555호 (동교동),070-8800-5335
721,(주)이츠커뮤니케이션즈,서울특별시 서초구 신반포로45길 9-26 은정빌딩 301호 (잠원동),02-517-1128
722,미엔(주),서울특별시 강서구 강서로 499 4층 (가양동),070-4804-3326
723,(주)소담컴퍼니,서울특별시 강남구 학동로9길 13 303호 (논현동),02-541-9086
724,(주)제이원,서울특별시 강남구 논현로133길 12  (논현동) 능원타워 4층,02-2088-0799
725,(주)진커뮤니케이션즈,서울특별시 서대문구 서소문로 37 캔두비즈센터 106호 (합동),02-362-1017
726,주식회사 스타크래드컴,부산광역시 해운대구 센텀동로 71 벽산e클래스원 2차 1108호 (우동),051-744-5560
727,(주)메디치애드,서울특별시 송파구 송파대로 167 문정역테라타워 비동 1411호 (문정동),02-541-9938
728,주식회사 정권기획,부산광역시 남구 수영로 312 2003호 (대연동),051-610-0008
729,메가존(주),"서울특별시 강남구 논현로85길 46 갈라빌딩 6,7층 (역삼동)",02-2109-2500
730,(주)중앙애드넷아이엔씨,서울특별시 구로구 디지털로26길 5 513호 에이스하이엔드타워1차 (구로동),02-2276-1947
731,(주)헤라엠엔씨,서울특별시 영등포구 국제금융로8길 34 1201호 오륜빌딩 (여의도동),02-782-7653
732,에이콘플러스(주),서울특별시 성동구 아차산로 122 지하1층 백석빌딩 (성수동2가),02-516-8895
733,(주)에스프리애드,서울특별시 서초구 강남대로51길 10 비1층 105-98호 (서초동),02-6349-3352
734,(주)애드믹스커뮤니케이션즈,서울특별시 서초구 강남대로47길 20 5층 KGC (서초동),02-421-9121
735,(주)파루커뮤니케이션,서울특별시 영등포구 영등포로5길 19  (양평동2가) 804호 ,02-2649-8818
736,(주)다른커뮤니케이션,"서울특별시 용산구 한강대로62다길 16 , 지1층 02호(한강로1가, 서울앙상블)",02-532-9688
737,주식회사 나인커뮤니케이션,"부산광역시 연제구 월드컵대로243번길 19 상가 803호 (거제동, 거제동원타워)",051-553-0422
738,(주)몽고나무,"서울특별시 금천구 가산디지털1로 70 호서대벤처타워 506,507호 (가산동)",02-583-8682
739,(주)워너비커뮤니케이션,"서울특별시 강남구 테헤란로 322 1618,1619호 한신인터밸리24(서관) (역삼동)",02-2183-0560
740,(주)엠원커뮤니케이션즈,서울특별시 중구 동호로 272 웰콤시티 (장충동2가),02-6271-6600
741,(주)매쉬커뮤니케이션,서울특별시 마포구 희우정로3길 23 201호 (합정동) 명랑빌딩,02-6959-5755
742,(주)마제스타지,"서울특별시 강남구 논현로 748 4층 (논현동, 세화빌딩)",02-515-9473
743,(주)애드크로스,서울특별시 강남구 광평로 280 1839호 로즈데일오피스텔 (수서동),070-7714-3231
744,(주)이엠스타,서울특별시 금천구 가산디지털2로 123 월드메르디앙2차 308호 (가산동),02-861-2291
745,(주)애플트리마케팅,경기도 안양시 만안구 안양로 303 메쎄포스빌 1422호 (안양동),070-8944-0507
746,(주)상상오디자인,광주광역시 서구 상무대로 1059  (화정동),062-383-6526
747,(주)정글엠앤씨,서울특별시 서초구 효령로 62 백산빌딩 2층 (방배동),02-585-3923
748,(주)디에이치컴,"경기도 고양시 덕양구 으뜸로 130 4층 402호(덕은동, 위프라임트윈타워)",02-2233-5851
749,(주)일레븐,서울특별시 강남구 논현로 622 금은빌딩 5층 (논현동),02-3444-5111
750,(주)블루라임커뮤니케이션즈,서울특별시 강남구 테헤란로52길 15 금천빌딩 1206호 (역삼동),02-568-1175
751,(주)엠아이플랜,"서울특별시 노원구 동일로241길 53 종합상가 2층 213호 (상계동, 두산아파트)",02-6238-3338
752,호렙솔루션(주),서울특별시 강남구 논현로 507 성지하이츠3차빌딩 814호 (역삼동),02-538-5071
753,옴니콤미디어그룹코리아(주),서울특별시 강남구 테헤란로 223 (역삼동) 큰길타워 9층,02-2092-6702
754,(주)유나스엔터테인먼트,"서울특별시 강남구 도산대로 50길 25 2층, 3층(논현동)",02-533-9501
755,(주)드림솔루션,인천광역시 연수구 송도과학로 32 M동 1104-5 호 (송도동),032-830-4855
756,(주)샴페인,서울특별시 마포구 양화로 125 경남관광빌딩 10층 (서교동),02-3143-6110
757,(주)디씨엘컴퍼니,서울특별시 서대문구 이화여대3길 33 지층 216호(대현동),02-338-9256
758,그랑몬스터(주),"서울특별시 강남구 도산대로 220  12-14층 (논현동,엠포리아빌딩)",02-3446-7780
759,(주)디에이와이크리에이트,서울특별시 양천구 목동서로 225 1308호(예술인회관)  (목동),070-4210-1021
760,(주)레디엔터테인먼트,서울특별시 강남구 언주로130길 13  (논현동)다은빌딩 2층,02-6900-0900
761,(주)미클리컴미디어,서울특별시 강남구 삼성로96길 14  (삼성동),02-6267-8953
762,엘케이컴글로벌(주),서울특별시 영등포구 국회대로70길 7 613호 (여의도동),02-780-1067
763,인터브랜드(주),서울특별시 강남구 언주로 620 현대인텔렉스빌딩 (논현동),02-515-9150
764,(주)한이미디어,경상북도 포항시 남구 중앙로 154 1612호 (해도동),053-0000-0000
765,(주)오버맨,서울특별시 서초구 강남대로85길 20  (반포동) 오브이엠,02-6395-8804
766,주식회사 더퀘스천,"서울특별시 강남구 테헤란로86길 12 6층(대치동, 티케이오케이빌딩)",02-2277-0102
767,주식회사 기성상사홀딩스,서울특별시 송파구 백제고분로41길 24-27  (송파동) b102,02-836-5152
768,(주)지구미디어,서울특별시 강남구 학동로1길 19  (논현동),02-516-8815
769,주식회사 리얼파트너스,"부산광역시 해운대구 달맞이길117번다길 170-1  (중동, 대일빌라)",070-8965-5141
770,(주)조이콤미디어,서울특별시 강남구 도산대로53길 16 5층 (신사동),
771,로드미디어(주),서울특별시 강남구 테헤란로82길 15 디아이타워 292호 (대치동),
772,(주)아이디어달리,서울특별시 강남구 테헤란로78길 14-12 (대치동) 동영빌딩 11층 ,02-3448-8899
773,(주)정글,광주광역시 동구 동계천로 150  (동명동) 204호,062-229-0140
774,(주)명진광고대행,광주광역시 서구 상무대로 719  (치평동),062-526-0246
775,(주)디지탈레코드,"서울특별시 마포구 월드컵로25길 26  102동 704호(망원동, 마포영화블렌하임)",02-512-7684
776,(주)영남수정원,부산광역시 해운대구 대천로106번길 26-10  (좌동),051-746-6277
777,(주)게르다애드,서울특별시 영등포구 선유로13길 25 에이스하이테크시티2차 417호 (문래동6가),02-501-2396
778,(주)서울미디어그룹,서울특별시 서초구 논현로31길 14  (양재동),02-523-8541
779,(주)코이픽쳐스,서울특별시 마포구 독막로19길 45-9  (상수동),02-714-6320
780,(주)애드쿠아인터렉티브,"서울특별시 강남구 언주로 637 2,3,4층 (논현동, 싸이칸타워)",02-408-0214
781,주식회사 에스앤엘파트너스,부산광역시 수영구 광안해변로 361  (민락동),051-747-3811
782,해시태그,충청북도 청주시 청원구 안덕벌로104번길 28 310호(내덕동),043-297-1111
783,(주)크레마,서울특별시 강남구 강남대로128길 73  (논현동),02-511-6239
784,(주)드림캐쳐,경기도 남양주시 진접읍 해밀예당1로 49 1101동 1503호 (남양휴튼아파트),
785,(주)포트폴리오,서울특별시 강남구 언주로 727 6층 (논현동),02-3444-9100
786,주식회사 한울커뮤니케이션,"부산광역시 해운대구 좌동순환로 473  (중동,해운대비치로데오아울렛3층)",051-741-3774
787,(주)펜타슬론,서울특별시 강남구 봉은사로37길 37 리고빌딩 2층 (논현동),02-6925-0161
788,주식회사 애드트리즈,대구광역시 동구 장등로 32 5층 (신천동),070-4774-7959
789,주식회사 붐 팩토리,"대구광역시 남구 현충로 170 301호, 영남이공대학교 산학협력관 (대명동)",053-767-9956
790,(주)더스프링컴퍼니,"서울특별시 용산구 한강대로30길 25  (한강로2가, 아스테리움 용산) 비동 1103호",02-796-1088
791,제이업(주),경기도 과천시 별양로 46 레미안슈르C상가 302호 (원문동),02-507-7668
792,(주)엔투라지글로벌,서울특별시 강남구 논현로38길 32 501호 (도곡동),02-579-2258
793,(주)애드웍스커뮤니케이션,서울특별시 강남구 학동로 320 신우빌딩 (논현동)3층,02-3448-6636
794,(주)레인보우포켓,"전라북도 전주시 덕진구 팔과정로 20 501-1호 (팔복동3가,전주지식산업센터)",063-232-7820
795,(주)아리씨,서울특별시 양천구 목동남로4길 43-11  (신정동)3층,02-2644-8868
796,주식회사 이지컴,부산광역시 강서구 체육공원로6번길 116  (대저1동),051-852-4735
797,주식회사 나이스슈팅,"서울특별시 강남구 논현로127길 13 5층 (논현동, 세영빌딩)",02-6052-4770
798,(주)위즈토드,서울특별시 관악구 남부순환로247가길 22  (봉천동),02-792-7932
799,(주)코인사이드,서울특별시 강남구 강남대로162길 27-16 신아빌딩 2층 (신사동),02-543-4242
800,미디어그룹테이크투(주),"서울특별시 마포구 홍익로5안길 28 , 2층 201호 (서교동 스퀘어빌)",02-6956-7023
801,(주)매드커뮤니케이션즈,서울특별시 강남구 언주로85길 29 한국빌딩 4층 (역삼동),070-5143-8284
802,(주)심포니미디어,서울특별시 서대문구 통일로37길 34 협우연립202호 (홍제동),02-541-7177
803,(주)탑클래스뷰,서울특별시 용산구 한강대로 109  (한강로2가),02-543-0773
804,(주)올윈커뮤니케이션즈,서울특별시 강남구 도산대로90길 13 해오름빌딩 2층 (청담동),02-546-0810
805,(주)애드웰,서울특별시 서초구 서초대로 30 현진빌딩4층 (방배동),02-597-6005
806,(주)에이치엠애드,서울특별시 강서구 마곡중앙5로1길 20 726호 (마곡동),02-783-1138
807,(주)애드비아이엔씨,경기도 부천시 양지로 205 (옥길동) 서영아너시티2차 402호,02-2052-7777
808,(주)에스키모티브이,서울특별시 강남구 테헤란로 441  (삼성동),02-557-6565
809,주식회사 칠월,"부산광역시 남구 유엔평화로10번길 16 3층 (대연동, 건익빌딩)",051-626-0725
810,(주)비전기획,서울특별시 서초구 서초대로78길 42 현대기림빌딩 1303호 (서초동),02-1661-3524
811,(주)리브레크리에이티브컴퍼니,서울특별시 마포구 와우산로17길 19-11  (서교동),070-7709-0937
812,(주)두리번,서울특별시 마포구 월드컵로8길 40-8  (서교동),02-6395-3926
813,(주)뉴로애드,"경기도 고양시 일산서구 중앙로 1471 상가동 209호 (주엽동, 문촌마을13단지아파트)",031-917-2217
814,(주)커뮤니케이션애드게이트,서울특별시 마포구 성미산로 116  (연남동),02-6351-3325
815,(주)오즈미디어그룹,서울특별시 강남구 도산대로38길 40  (논현동),02-3443-1940
816,(주)온커뮤니케이션,서울특별시 영등포구 은행로 37 기계진흥회관 4층 (여의도동),02-786-3286
817,(주)디렉터스컴퍼니,서울특별시 강남구 봉은사로44길 2  (역삼동)아모제역삼빌딩 6층(엘리베이터우측),02-3443-8844
818,(주)일진커뮤니케이션,서울특별시 강남구 논현로149길 67-10 7층 (논현동),02-2277-4424
819,(주)크레이블코리아,"서울특별시 강남구 봉은사로 474  (삼성동, 쌍용 플래티넘)",02-569-6370
820,(주)마코컴퍼니,서울특별시 강남구 도산대로 509  (청담동),02-6925-3734
821,비아이지아이 주식회사,"서울특별시 강남구 학동로3길 8 4층 (논현동, 환윤빌딩)",02-586-8191
822,(주)코스모노바,경기도 성남시 분당구 느티로 22 백궁동양파라곤 비동 1803호 (정자동),
823,(주)믿음컴퍼니,충청북도 청주시 흥덕구 사운로 215 3층 302호 (운천동),043-273-9205
824,(주)매니아컴퍼니,서울특별시 구로구 디지털로27길 24 벽산디지털밸리1차 801-62호 (구로동),02-6330-9047
825,(주)유담커뮤니케이션,서울시 강남구 봉은사로 129 거평타운 505호(논현동),02-355-3580
826,봄센(주),서울특별시 마포구 월드컵북로6길 52  (동교동)4층,02-323-7660
827,본게노스(주),서울특별시 종로구 종로5길 7  (청진동),02-725-9030
828,(주)카페인커뮤니케이션,서울특별시 성동구 상원1길 26 908호 (성수동1가),02-6972-1598
829,(주)더피알,서울특별시 강남구 언주로135길 32-14  (논현동),02-6223-5556
830,(주)이룸커뮤니케이션,"서울특별시 서초구 서초대로74길 33  (서초동, 비트빌)",02-1661-9846
831,(주)애드마루,경기도 광주시 곤지암읍 열미길 378-8 1동 101호,02-497-7002
832,(주)광커뮤니케이션즈,서울특별시 중구 동호로7길 37  (신당동),02-2237-0602
833,우진호(주),"서울특별시 송파구 올림픽로 212 에이동 1219호 (잠실동, 갤러리아팰리스)",
834,주식회사혜윰,대전광역시 서구 대덕대로 325 4층 463호(월평동 스타케이트) (월평동),070-4025-7099
835,(주)참견,서울특별시 강남구 논현로150길 36-5 동성빌딩 601호 (논현동),02-3444-1515
836,피알게이트(주),서울특별시 용산구 한남대로21길 17 신화빌딩 501호 (한남동),02-792-2633
837,(주)케이애드앤파트너스,광주광역시 동구 천변우로 339 601-1호 (수기동),062-227-1228
838,(주)애드에이치큐,서울특별시 강남구 언주로 333 9층 (역삼동),02-3442-2910
839,(주)알리다컴퍼니,대구광역시 중구 국채보상로 586 16층837호 (동성로2가),053-1600-9868
840,(주)한아람마케팅,서울특별시 강남구 광평로 295 동관 413호 (수서동),02-6281-8000
841,(주)윈스커뮤니케이션,"서울특별시 서초구 강남대로 241 241, 5층 (서초동)",02-577-5755
842,(주)해담미디어,서울특별시 양천구 목동중앙북로 100 402호 (목동),070-4640-0854
843,(주)퍼니웍스,경기도 고양시 덕양구 항공대학로 76 한국항공대학교 311호 (화전동),070-7687-0397
844,(주)이오브로스,서울특별시 영등포구 당산로41길 11 706호 (당산동4가),02-540-2522
845,(주)코드컴,서울특별시 강남구 테헤란로51길 18  (역삼동)광진빌딩 401호,02-6300-8399
846,(주)디블렌트,서울특별시 강남구 선릉로 541  (역삼동)디블렌트빌딩 6층,02-512-4005
847,(주)루다커뮤니케이션,서울특별시 강남구 봉은사로 129 거평타운 141호 (논현동),02-518-1945
848,(주)아이원미디어,경기도 고양시 덕양구 지축로 56 (지축동) 성산타워 709호~712호,02-6209-2990
849,(주)톡톡커뮤니케이션,서울특별시 강남구 논현로149길 27  (논현동),02-6956-6888
850,그레이고(주),"서울특별시 강남구 테헤란로103길 17 (삼성동,정석빌딩)",070-4118-0116
851,(주)아우터애드,서울특별시 강동구 천중로 213 413-130호 (길동),070-4069-9991
852,(주)비제이미디어그룹,인천광역시 부평구 동수천로7번길 24 와이타워 404호 (부평동),02-2257-8358
853,(주)블루픽스,서울특별시 서초구 양재천로 123  (양재동),02-3463-7772
854,(주)엠앤케이,광주광역시 서구 천변좌로 268 1804호 (양동),062-718-7203
855,에이션(유),"서울특별시 영등포구 여의동로 213 비동 15층 1호 (여의도동, 여의도금호리첸시아)",070-8820-6232
856,(주)다담커뮤니케이션,서울특별시 강남구 논현로38길 30 시조빌딩4층 (도곡동),02-571-6977
857,(주)이루다크리에이티브,서울특별시 금천구 디지털로9길 65 백상스타타워1차 (가산동),070-5129-4138
858,(주)금석커뮤니케이션스,서울특별시 중구 수표로10길 5 301호 (저동2가),070-7775-1256
859,(주)파컴,서울특별시 송파구 충민로 66 가든파이브라이프 티-9101호 (문정동),02-6285-9808
860,(주)씨씨엔터테인먼트,전라북도 전주시 덕진구 백제대로 563 15호 (금암동),063-000-0000
861,(주)디자인시선,대구광역시 동구 팔공로25길 68  (불로동),053-965-8666
862,(주)제이지씨,서울특별시 구로구 디지털로30길 31 1114호 (구로동),
863,동국헬스케어홀딩스(주),서울특별시 강남구 테헤란로108길 7 (대치동) 동국빌딩 3층,02-558-6741
864,(주)토네이도,울산광역시 남구 번영로191번길 18 3층 (신정동),052-267-2058
865,(주)온기획,울산광역시 남구 돋질로37번길 12 2층 (신정동),052-265-6114
866,유한회사 셀리턴리치플랫폼,"경기도 부천시 조마루로385번길 122 23층 2301호-2035호 (춘의동, 삼보테크노타워)",032-930-1734
867,(주)디사이드,서울특별시 강남구 테헤란로 406 에이동 1112호 (대치동),
868,(주)팝플,서울특별시 서초구 강남대로95길 19-4  (잠원동)호영빌딩502호,02-516-2960
869,(주)피디언,서울특별시 강남구 봉은사로34길 7 501호 (역삼동),02-2252-0112
870,(주)인원더랜드,서울특별시 서초구 서초대로78길 22 924호 (서초동),02-6302-7117
871,(주)케이엔에스통신,서울특별시 서초구 사임당로10길 3  (서초동),02-583-7300
872,(주)일컴,"서울특별시 강남구 언주로97길 8 , 4층(역삼동,창해빌딩)",02-3446-9250
873,주식회사 와우코퍼레이션,부산광역시 남구 유엔로157번가길 101  4층 403호 (대연동),051-919-8567
874,(주)피케이컴퍼니,경기도 고양시 일산동구 정발산로 24 제티2-504호 (장항동),031-926-3367
875,(주)아이코닉스미디어,경기도 성남시 분당구 판교로255번길 64  (삼평동),031-8060-2584
876,(주)히어플레이,"서울특별시 마포구 월드컵북로11길 14-13 202호 (성산동, 진성파크빌)",
877,(주)컨퍼니,서울특별시 강남구 테헤란로84길 16 7층 (대치동),02-554-1008
878,주식회사 애드스카이,부산광역시 남구 못골로 102-1 3층 (대연동),051-612-7980
879,(주)애드엠피알,"서울특별시 마포구 백범로 205 (신공덕동, 펜트라우스)105동 1108호",02-702-0871
880,(주)케이투씨피,서울특별시 중랑구 봉화산로 218 영창빌딩 610호 (신내동),02-702-0980
881,(주)피앤에프시스템즈,서울특별시 서초구 양재천로19길 11-5  (양재동),02-3463-5031
882,(주)필름에이지,광주광역시 동구 동계천로 150 501호 (동명동),062-515-1895
883,(주)퍼틸레인,서울특별시 강남구 봉은사로86길 6  (삼성동) 빌딩레베쌍트 8층,02-546-7377
884,(주)디자인숨,광주광역시 북구 운용로 19  (운암동),062-430-6102
885,주식회사 동양디얜씨,부산광역시 동래구 아시아드대로255번길 9 에이동 403호 (온천동),051-555-2345
886,(주)케이알미디어,서울특별시 서초구 서초대로27길 10-3  (방배동),02-523-4131
887,(주)커민,서울특별시 영등포구 63로 32  (여의도동) 라이프콤비빌딩 413호,02-6268-6260
888,(주)하루애드,서울특별시 강남구 강남대로136길 11  (논현동)521호,02-517-9000
889,주식회사에스티엔방송스타트뉴스,대전광역시 중구 대둔산로 133  (안영동)유진빌딩3,042-586-7713
890,(주)한영씨앤텍,서울특별시 구로구 디지털로34길 27  (구로동) 대륭포스트타워3차 904호,02-508-7755
891,(주)헤이데이커뮤니케이션,서울특별시 중구 퇴계로 213 일흥빌딩 3층 306-19호  (충무로4가),02-6368-7370
892,(주)유니크애드,서울특별시 영등포구 국제금융로6길 33  (여의도동)1221호 맨하탄빌딩 ,
893,(주)케렌시아,경기도 용인시 기흥구 동백3로11번길 33 801-110 (중동),070-7715-5960
894,주식회사 어울림미디어,세종특별자치시 한누리대로 194 453 (나성동),070-4179-0512
895,(주)유니크로지스,경기도 군포시 번영로 82 엔동동 동관5층  (부곡동),031-460-6068
896,(주)인커머스,"서울특별시 서초구 반포대로23길 6  3층 302호 (서초동, 효진빌딩)",02-2261-4253
897,(주)세화상회,제주특별자치도 제주시 용담로5길 19 4층 1호 (용담삼동),064-748-2500
898,(주)TS미디어,"서울특별시 영등포구 양평로 96 TS빌딩 6층, 601호 (양평동4가)",02-782-8296
899,(주)빅브라더크리에이티브,서울특별시 마포구 동교로 142-7 서광빌딩5층 (서교동),02-322-7765
900,(주)넥스트미디어그룹,"서울특별시 강남구 언주로 637  13층 (논현동, 싸이칸타워)",070-7732-2571
901,(주)아이키니미디어,서울특별시 강남구 테헤란로6길 30 태암빌딩 413호 (역삼동),02-323-2526
902,제이티지엔터테인먼트(주),서울특별시 강남구 논현로102길 11 지2층 (역삼동),02-567-0522
903,(주)콜럼버스커뮤니케이션,서울특별시 서초구 강남대로 545-15 미주빌딩501호 (반포동),02-6951-4517
904,(주)어썸메이크,서울특별시 강남구 강남대로146길 7 금원빌딩 205호 (논현동),02-544-1885
905,주식회사 엘림컴퍼니,부산광역시 해운대구 센텀동로 71  (우동 벽산이클래스원 2차) 501호,051-741-6774
906,(주)코컴,서울특별시 동대문구 사가정로25길 62 15 (장안동),02-6406-3690
907,(주)포엠,제주특별자치도 제주시 중앙로8길 2 1호 (일도일동),064-725-9837
908,(주)에이치엘더블유,서울특별시 종로구 새문안로5길 19  (당주동) 로얄빌딩 8층 3호,02-6929-2129
909,주식회사 올리브애드컴,"서울특별시 영등포구 국제금융로8길 27-8 4층 4837호(여의도동,엔에이치농협캐피탈빌딩)",02-3474-0110
910,(주)오피엠에스,서울특별시 서초구 동작대로 186  (방배동)신흥빌딩7층,031-955-2845
911,(주)유칸크리에이티브,서울특별시 서초구 신반포로41길 14 3층 (잠원동),02-3448-4442
912,(주)클랙슨인터랙티브,서울특별시 강남구 논현로113길 13 우창빌딩4층 (논현동),02-6245-8908
913,(주)당근애드,대구광역시 수성구 동대구로14길 15-21 (지산동) 엘리시아B 102호,
914,(주)윈브레인,서울특별시 송파구 법원로11길 25  (문정동)H비지니스파크B동1509호,02-578-5775
915,(주)에스드림이엔티,서울특별시 마포구 성미산로 155 3층 (연남동),02-338-9256
916,(주)돈티비,서울특별시 마포구 망원로 59 지하1층 (망원동),02-595-0019
917,(주)스카이애드컴,서울특별시 영등포구 당산로46길 15 3층 (당산동6가),02-2677-8263
918,(주)국가대표광고,서울특별시 강남구 논현로80길 9 (역삼동) 거평빌딩 2층,02-6061-1124
919,(주)비젼텔리넷,제주특별자치도 제주시 중앙로 150 3층 (이도일동),070-8811-2521
920,(주)제이제이비스타,서울특별시 종로구 종로 1 교보생명빌딩 15층 (종로1가),02-2010-8931
921,(주)포씨엠,경기도 고양시 덕양구 삼송로 12 반도유스퀘어 607호 (원흥동),031-926-3130
922,(주)콘텐츠오션,서울특별시 영등포구 영신로 220 케이엔케이디지털타워 6층(영등포동8가),02-2655-9070
923,(주)레드핫컨텐츠,서울특별시 강남구 언주로130길 18 2층 (논현동 동인빌딩),02-518-4642
924,(주)프럼,서울특별시 강남구 도산대로63길 18 BK빌딩3층 (청담동),02-544-3786
925,주식회사 태양커뮤니케이션,충청북도 청주시 상당구 중앙로 63-1  (북문로3가),043-223-6038
926,(주)미디어큐레이터,"서울특별시 강서구 공항대로59길 8  (등촌동), 4층 411호(우현빌딩)",02-762-2013
927,(주)상상제작소 쿤,제주특별자치도 제주시 아봉로 54  (아라일동),064-743-0345
928,(주)디티에스아이,서울특별시 강남구 도산대로 318 SB타워 6층 (논현동),02-6713-4540
929,(주)길드커뮤니케이션,서울특별시 서대문구 충정로 53 골든타워 1315호 (충정로2가),02-362-1112
930,(주)큐브릭코퍼레이션,서울특별시 강남구 남부순환로 2621 1동 11층 15호 (도곡동),070-4640-7045
931,주식회사 고컴퍼니,부산광역시 해운대구 해운대로 601 B동 603호 (우동),051-742-9909
932,(주)에이치이엔티,서울특별시 강남구 선릉로119길 26  (논현동)2층,02-545-1177
933,(주)로그인애드,"서울특별시 강서구 공항대로 194 1001호 (마곡동, 문영퀸즈파크12차)",031-909-1133
934,(주)싱커드,서울특별시 성동구 상원1길 26 서울숲A타워 3층 301호 (성수동1가),02-515-2772
935,(주)뉴비티에스,대구광역시 동구 동내로 76  (동내동) 한국메디벤처센타 309호,053-710-7870
936,(주)네이키드,서울특별시 강남구 언주로153길 14  (신사동) 3층,02-515-6482
937,(주)엔시너지,"서울특별시 용산구 한강대로 69 221-2호 (한강로2가, 용산푸르지오써밋)",
938,(주)예인픽쳐스,"서울특별시 용산구 서빙고로 417 1201호  (한남동, 한남동 하이페리온 Ⅱ)",02-782-6800
939,인스파이어드바이 유한회사,서울특별시 강남구 봉은사로2길 31 4층 (역삼동)더블유빌딩,02-2186-9700
940,디자인그룹 주식회사,서울특별시 서초구 서초중앙로8길 21 대원빌딩 B103호 (서초동),
941,(주)비커밍,서울특별시 용산구 한남대로40길 35  (한남동),02-792-5419
942,(주)맥브레인즈,서울특별시 강남구 언주로 551 7층 프라자빌딩 (역삼동),070-5143-8280
943,(주)아논컴퍼니,"광주광역시 남구 봉선로 37  (주월동, 봉선로광명메이루즈) 103-603",062-671-2177
944,(주)와이제이에스브이,서울특별시 용산구 대사관로 35  (한남동) B동 402호,02-564-7749
945,(주)제이케이애드,"경기도 김포시 태장로 789 726호 (장기동, 금광하이테크시티)",02-3661-0955
946,(주)멜로펀치,서울특별시 영등포구 양평로21길 26 지층 비110호 (양평동5가),02-335-0988
947,(주)힘엔터웍스,서울특별시 영등포구 버드나루로 73 우성빌딩 607호 (영등포동7가),02-2631-6553
948,(주)도그지어,서울특별시 강남구 논현로131길 30 성도빌딩 3층 (논현동),02-543-6035
949,(주)디엔에이디,서울특별시 금천구 벚꽃로 286 11층 1109호 (가산동),070-4162-4570
950,박살컴퍼니(주),"서울특별시 강남구 봉은사로67길 40  (삼성동, B and J House)",070-4118-7787
951,(주)꽃길,서울특별시 마포구 월드컵로 163-3 1층 (망원동),02-336-8212
952,(주)한스미디어,대구광역시 중구 동덕로 73  (대봉동) 4층,053-243-1244
953,(주)피에스와이,서울특별시 강남구 논현로95길 12 역삼빌딩 3층 (역삼동),02-501-1835
954,(주)더다함커뮤니케이션즈,서울특별시 서초구 나루터로 59 8층 (잠원동) 라성빌딩,02-1599-2910
955,(주)파파라인,서울특별시 영등포구 국제금융로 78  (여의도동) 701-A 홍우빌딩,02-6280-5838
956,주식회사 명애드컴,"서울특별시 서초구 효령로 267  (서초동, 명인타워)",02-521-0733
957,(주)디에이치크리에이트,서울특별시 서초구 강남대로 309  (서초동)코리아비지니스센터 17층18호,02-769-1137
958,(주)위너케이,"서울특별시 서초구 청계산로 201, 423호(신원동, 서초포레지움) .",02-782-8987
959,(주)유닛디자인,서울특별시 마포구 월드컵로26길 6 청우빌딩 2층 (성산동),02-332-3125
960,(주)라인비주얼,서울특별시 중구 퇴계로 180-11  (필동1가) 2층 금성빌딩,02-6081-9000
961,(주)모둠,대전광역시 유성구 외삼로 48  (외삼동),042-716-1237
962,(주)프레티애드,서울특별시 마포구 와우산로29나길 26  (서교동) 202호,02-549-3004
963,티엔컴퍼니 주식회사,대구광역시 중구 경상감영길 56  (서문로1가) 2층 237호,053-622-9696
964,(주)보토크리에이티브,경기도 남양주시 와부읍 덕소로97번길 69 102동 703호 (강산마을코오롱대성아파트),02-2037-0700
965,언바운더리스(유),서울특별시 서초구 강남대로51길 1 16층 9호 (서초동),02-6956-4587
966,포커스미디어코리아(주),서울특별시 영등포구 여의대로 24 45층 (여의도동),02-6956-8998
967,티브이씨(주),서울특별시 강남구 삼성로95길 33 5층 (삼성동),02-546-6749
968,(주)그룹아이디디,서울특별시 강남구 도산대로 145 11층~13층 (신사동),02-552-1196
969,(주)슈퍼블릿커뮤니케이션즈,서울특별시 금천구 가산디지털1로 2 13층 1313호 (가산동),02-2622-8338
970,(주)뷰티베러,서울특별시 영등포구 영신로 220  (영등포동8가)knk 디지탈타워,02-1644-7462
971,(주)웨이보빅아이이앤씨,서울특별시 마포구 월드컵북로 402 1215호 (상암동),070-4693-7270
972,(주)한쇼핑,서울특별시 성동구 광나루로 130 1601호 서울숲IT캐슬 (성수동1가),070-8786-7807
973,(주)삼성게임즈,서울특별시 영등포구 국제금융로 20 A382호 율촌빌딩  (여의도동),02-3775-3975
974,(주)아이스크리에이티브,서울특별시 강남구 압구정로2길 58 4층 하널번빌딩 (신사동),02-711-8807
975,(주)미디컴웍스,서울특별시 중구 한강대로 416 5층 (남대문로5가),02-6370-8000
976,(주)키이츠서울,서울특별시 강남구 도산대로54길 48-19  (논현동),02-3444-4946
977,(주)포트럭테이블,서울특별시 중구 퇴계로36길 2 신관 316호 (필동2가),02-2285-0807
978,(주)애드파워씨엠씨,"서울특별시 강남구 논현로164길 26 4층(신사동, 성호빌딩)",02-2191-6800
979,(주)트로피마케팅커뮤니케이션즈,서울특별시 서초구 효령로 242  (서초동)6층,070-8885-0625
980,(주)케이알마케팅,서울특별시 강남구 학동로 176  (논현동)3층,02-792-1147
981,주식회사 깔아보이소,울산광역시 울주군 상북면 알프스온천1길 123 .,070-8880-6860
982,엠케이커뮤니케이션(주),서울특별시 강남구 학동로 225 2층 (논현동),
983,(주)크리에이티브마켓,서울특별시 강남구 논현로 733 천조빌딩 3층,070-4420-3088
984,(주)인터커뮤니케이션,서울특별시 성동구 왕십리로 58 406호 (성수동1가),02-569-7011
985,(주)제이와이미디어컴퍼니,경기도 고양시 일산동구 백마로213번길 12 6층 621호 (장항동),
986,(주)프로그레스마케팅,서울특별시 구로구 디지털로26길 5 에이스하이 엔드타워 1차 410호(구로동),02-865-0974
987,(주)케이시투,서울특별시 마포구 독막로2길 31  (합정동) 3층,02-702-7966
988,(주)아이에이치큐 미디어부문,서울특별시 강서구 강서로 501-8  (가양동) ,02-6005-6513
989,(주)콘텐츠허브상상,서울특별시 서초구 신반포로45길 18  (잠원동)1층,02-6339-0921
990,(주)남일애드컴,"서울특별시 서초구 강남대로 479 , 비1 피치트리 168호(반포동,신논현타워)",02-722-4499
991,(주)소원애드,경기도 고양시 일산동구 고풍로 44-8 4층 (풍동),031-907-8921
992,(주)고마오,서울특별시 중구 만리재로 193 서울역디오빌 (만리동1가) 719호,070-4145-9850
993,(주)브레인,"경상남도 창원시 의창구 용동로57번길 18 905호(시그니처M빌딩, 사림동)",055-237-8067
994,주식회사 리노커뮤니케이션즈,서울특별시 송파구 송이로 145  (가락동)리노타운,02-3445-1750
995,(주)디렉터마켓,서울특별시 강남구 언주로103길 17-3 1~2층 (역삼동),02-555-2633
996,(주)코코인코퍼레이션,서울특별시 강남구 선릉로100길 8 3층 (삼성동),02-540-1402
997,(주)에프에이비엔터테인먼트,"서울특별시 마포구 신촌로10길 9  (동교동, 더라움) A동202호",02-6409-3100
998,백홀딩스주식회사,서울특별시 구로구 새말로 97  (구로동)신도림테크노마트15층,02-2111-8010
999,(주)소년기획,"서울특별시 노원구 공릉로46가길 17-2 , 1층(공릉동)",
1000,(주)미디어엠플러스,서울특별시 영등포구 영신로34길 10 202호 (영등포동4가),02-784-0415
1001,주식회사쿠키뉴스대전충남취재본부,"대전광역시 유성구 문화원로 131  (봉명동, 투유2)210호",042-824-3033
1002,(주)애드브레인,서울특별시 노원구 노원로15길 10  (하계동)B동 8층 801호,02-1588-9011
1003,주식회사 씨에스이마케팅,서울특별시 구로구 디지털로29길 38 303호 (구로동),02-2109-0295
1004,(주)케미트리,서울특별시 마포구 마포대로14길 19  (공덕동)6층,02-704-7282
1005,(주)제로웹,"부산광역시 해운대구 수영강변대로 140  (우동), 부산문화콘텐츠콤플레스 806호",051-1544-6044
1006,주식회사 유앤티기획,"충청남도 천안시 서북구 두정역길 48  (두정동, 두정역푸르지오아파트)",041-622-2568
1007,(주)한국뉴미디어영남본부,부산광역시 연제구 거제천로 154  (연산동) 4층,051-1899-1898
1008,(주)트루커뮤니케이션즈,서울특별시 강남구 논현로149길 69  (논현동)신흥빌딩 3층,02-3445-3003
1009,(주)테라컴,광주광역시 남구 독립로 102-1  2층(백운동 상지빌딩),062-527-7133
1010,(주)스토리360,서울특별시 서초구 서초대로74길 51 1610호 (서초동),
1011,(주)아이디어팩토리,서울특별시 강남구 학동로50길 7 상보빌딩 501호 (논현동),02-511-7740
1012,(주)씨케이파트너스,강원도 원주시 원일로 109 4층 (일산동),070-7792-8411
1013,(주)트라움미디어,"서울특별시 영등포구 63로 32 , 716호 (여의도동, 콤비빌딩)",02-783-4400
1014,(주)하이웍스,서울특별시 용산구 이태원로 223-5 유니언타운 한남 2층 206호(한남동),02-565-0919
1015,(주)메이크볼드,서울특별시 서초구 반포대로24길 15 4층 (서초동),070-4451-1186
1016,(주)광고천하,경기도 오산시 독산성로232번길 14-24 광고천하 (지곶동),02-1588-5815
1017,(주)미디어브로,서울특별시 마포구 연남로1길 6-9 3층 303호 (연남동),
1018,(주)하이터치컴퍼니,"서울특별시 강남구 도산대로89길 19-4  (청담동)4,5층",02-545-8445
1019,(주)준미디어컴,서울특별시 양천구 중앙로 294 6층(신정동),
1020,(주)홍보대행사이룸(주),서울특별시 강남구 학동로 312  (논현동)3층,02-2033-9948
1021,주식회사 코아컴(서울),서울특별시 성동구 연무장5가길 7 E동 1402호 (성수동2가),02-548-2396
1022,(주)위나이스컴퍼니,서울특별시 강남구 도산대로8길 12 3층 327호 (논현동),02-6097-0788
1023,(주)브랜드지니,서울특별시 성동구 왕십리로16가길 22 (성수동1가) 3층,
1024,주식회사 첸노,대전광역시 서구 둔산대로117번길 95 (만년동)7층701호,042-489-7994
1025,(주)아이브이유아이(주),서울특별시 강남구 강남대로58길 59 2층 (도곡동),02-588-0493
1026,(주)에이블커뮤니케이션,서울특별시 종로구 종로 183 비동 1802호 (인의동),070-4738-4914
1027,(주)성경커뮤니티,인천광역시 동구 방축로83번길 23 12동 326호 (송림동),070-8614-3002
1028,(주)위드커뮤니케이션즈,서울특별시 강서구 마곡중앙로 59-21 7층 715호 (마곡동),02-564-8752
1029,니드컴(주),서울특별시 금천구 가산디지털2로 136  (가산동)3층 304호,02-337-2002
1030,(주)에픽컴,서울특별시 구로구 디지털로 288  (구로동)1212호,
1031,(주)미래앤,전라남도 나주시 정보화길 26  (빛가람동) 401호,02-761-0587
1032,이월삼십일일(주),서울특별시 강남구 선릉로111길 37  (논현동)3층,02-3447-0231
1033,(주)루뻬,서울특별시 서초구 양재대로2길 100-30 201호 3층 (우면동) ,02-546-1499
1034,(주)아이콘플,서울특별시 은평구 은평로 90 14층 (응암동),070-4403-8831
1035,(주)블랙팀,서울특별시 강남구 테헤란로 503  (삼성동) 11층 1104호,02-3453-8280
1036,(주)런랩,서울특별시 용산구 이태원로49길 19 202호 (한남동),02-6080-8883
1037,(주)핀셋,서울특별시 서초구 나루터로10길 29  (잠원동)5층 504호,050-4499-0542
1038,한아방송(주),부산광역시 중구 충장대로9번길 22 신도빌딩 1층 (중앙동4가),051-207-1881
1039,(주)유니언컴,서울특별시 양천구 목동중앙북로 121 301호 (목동),02-2642-6606
1040,(주)아이소바코리아,"서울특별시 강남구 테헤란로79길 6 , 11층 (삼성동, 제이에스타워)",02-6005-0824
1041,(주)스토리필름,서울특별시 강남구 선릉로125길 21-2 스토리필름 (논현동),02-540-0204
1042,(주)제이앤피크리에이티브,경기도 성남시 분당구 산운로208번길 32-3  (운중동),02-573-7001
1043,(주)브랜드테이크아웃,서울특별시 강남구 강남대로152길 14  (신사동)3층 성환빌딩,02-544-0022
1044,주식회사유창한녀석들,부산광역시 해운대구 센텀중앙로 48 에이스하이테크21 705호 (우동),051-714-6488
1045,(주)티케이엔와이,서울특별시 서초구 동광로49길 74  (반포동) 1층,02-552-9921
1046,(주)애드앤파크커뮤니케이션,서울특별시 강남구 논현로 708 3층 (논현동),02-512-0719
1047,(주)트로인,서울특별시 송파구 오금로 194 6층 602호 (송파동),02-416-1029
1048,(주)에스지컴퍼니,"서울특별시 서초구 서초대로50길 8  (서초동, 관정빌딩)6층",02-554-6370
1049,(주)뷰스컴퍼니,서울특별시 강남구 강남대로 340 12층 (역삼동),070-4042-4340
1050,주식회사 와이즈플래닛컴퍼니,"서울특별시 금천구 벚꽃로 244  906호 (가산동, 벽산디지털밸리5차)",02-830-1912
1051,주식회사 씨앗드림,경상북도 포항시 남구 중앙로 154  (해도동) 1108호,054-284-8819
1052,(주)비앤씨,서울특별시 용산구 한남대로 98 3층 (한남동),02-762-9090
1053,(주)쿠미디어,경기도 고양시 일산서구 웅비로12번길 5-19  (대화동),02-1899-8229
1054,(주)유레카컨텐츠그룹,"서울특별시 강남구 압구정로2길 60 , 6층 (신사동,MG타워)",02-6672-6542
1055,주식회사 비오비기획,대구광역시 수성구 신천동로88길 55  (수성동4가)2층,053-000-0000
1056,(주)지엔에이,서울특별시 강남구 논현로85길 47 302호 (역삼동),032-715-4141
1057,주식회사 아피네,서울특별시 성동구 성수일로10가길 4  (성수동2가),02-543-9732
1058,에스아이에이주식회사,"부산광역시 해운대구 센텀중앙로 97 에이동 16층 에이-1605호 (재송동,센텀스카이비즈)",051-317-1113
1059,(주)플랜아트,광주광역시 서구 상무버들로16번길 8  (유촌동),062-374-1479
1060,머큐리프로젝트 주식회사,"서울특별시 강남구 봉은사로38길 13 , 2,3,4,5층 (역삼동)",02-565-0829
1061,(주)인연엔터테인먼트,"서울특별시 강남구 학동로3길 41 지하2층 (논현동, 연우빌딩)",02-511-2740
1062,(주)에이엠피알,"서울특별시 중구 소파로 129 신관 703호 (남산동2가, 명지빌딩신관)",02-779-6317
1063,(주)알비더블유,"서울특별시 동대문구 장한로20길 7 ,지하1층 (장안동, 서희스타힐스)",02-517-5748
1064,주식회사 제니크,"서울특별시 강남구 언주로113길 7 , 3층 (논현동)",02-6083-5801
1065,주식회사 커넥스,"서울특별시 영등포구 양평로30길 14 , 403호 (세종앤까뮤스퀘어, 양평동6가)",02-2677-4748
1066,주식회사 힐링애드,"서울특별시 서초구 방배천로 12-4 , 5층 (방배동,천일빌딩)",02-523-5791
1067,(주)애드미션,"서울특별시 서초구 서운로9길 14 (서초동, 일석빌딩 4, 5층)",02-3415-4800
1068,주식회사 비티엠,"경기도 성남시 수정구 위례광장로 21-6 , 가-302호 (창곡동,정프라자)",031-751-6944
1069,주식회사 뉴아레아,"서울특별시 강서구 공항대로 228 , 915호 (마곡동, 리더스타워 마곡)",02-2661-7701
1070,주식회사 스마트미디어그룹,서울특별시 금천구 디지털로9길 32 에이동 4층 407호 (가산동),070-8666-7198
1071,(주)다하실,전라북도 전주시 덕진구 전주천동로 473  (금암동) 303호,063-255-6577
1072,주식회사 버즈버즈,"서울특별시 강동구 동남로49길 21-15 , 2층 (둔촌동, 강남빌딩)",02-544-5020
1073,(주)에스시지오,"서울특별시 영등포구 국회대로 800 , 530 (여의도동,여의도파라곤)",02-780-5015
1074,주식회사 야트,"경기도 부천시 상동로117번길 61 , 7층 702호 (상동, 드라마씨티)",02-3665-5352
1075,주식회사 인사이트마케팅,"서울특별시 종로구 창경궁로35길 35 , 4층 (혜화동)",02-322-0080
1076,(주)매그넘애드,광주광역시 동구 구성로194번길 15-10  (대인동) 영무파라드오피스텔 201-215,062-229-1581
1077,주식회사 플레이즈더크로스,"서울특별시 강서구 양천로24길 90 , 1층 101호 (방화동)",
1078,주식회사 씨뮤직텔레비전,"서울특별시 금천구 가산디지털1로 70 , 504호 (가산동,호서대벤터타워)",02-2619-6300
1079,주식회사 제이앤씨필름,"서울특별시 성동구 왕십리로16길 21 , 302호 (성수동1가)",070-8291-4604
1080,주식회사 퀸즈코퍼레이션,"서울특별시 강남구 테헤란로37길 7 , 13층 (역삼동, 조이타워)",02-1577-2943
1081,앨리슨모스 주식회사,서울특별시 강남구 테헤란로87길 36 301호 도심공항타워 (삼성동),02-6295-7357
1082,(주)윤미디어그룹,경기도 고양시 일산동구 중앙로1261번길 59 9층 로얄프라자3 (장항동),031-926-3037
1083,(주)차이커뮤니케이션,서울특별시 강남구 학동로43길 6 221B 에비뉴 (논현동),02-2017-8800
1084,주식회사 이씨이십일,"서울특별시 강남구 영동대로 511  (삼성동, 트레이드타워 501호)",02-6000-4443
1085,주식회사 아이디어오븐,"서울특별시 중구 퇴계로 18 , 5층 (남대문로5가, 대우재단빌딩)",
1086,주식회사 알오아이플러스,"서울특별시 구로구 디지털로 228 , 414호 (가리봉동, 대륭포스트타워 1차)",02-1800-4890
1087,주식회사모노컬쳐,"부산광역시 남구 수영로 312 ,1707호 (대연동, 21센츄리시티오피스텔)",051-610-0710
1088,주식회사 제이엠컴퍼니,강원도 원주시 고문골길 42  (행구동),033-734-4888
1089,주식회사 더블루랩,"서울특별시 영등포구 국회대로68길 23 , 6층 (여의도동)",02-786-9245
1090,(주)링크앤,대구광역시 중구 달구벌대로 2219  (삼덕동3가)3층,053-254-0911
1091,주식회사 오픈미디어,"서울특별시 종로구 사직로8길 34 , 1324호 (내수동, 경희궁의아침3단지오피스텔 )",02-737-7629
1092,크레이지피알 주식회사,"서울특별시 금천구 가산디지털1로 58 , 11층 1104호 (가산동, 에이스 한솔타워 지식산업 센터)",070-7096-0002
1093,주식회사 미소드림,"서울특별시 구로구 경인로 192 , 131호 (오류동)",02-2065-1733
1094,(주)인포커스,전라북도 전주시 덕진구 오공로 37 5층 501호 (중동),063-225-8469
1095,미니버타이징 주식회사,"서울특별시 서초구 서초대로48길 101 , 3층 B호 (서초동)",02-532-2475
1096,주식회사 인컴이즈,"서울특별시 영등포구 의사당대로1길 25 , 401호 (여의도동)",02-783-2188
1097,주식회사 에이투디커뮤니케이션,"서울특별시 마포구 백범로31길 21 , 1층 (공덕동)",02-6082-6193
1098,주식회사 제휴합시다,"서울특별시 강남구 테헤란로84길 17 , 302호 (대치동)",070-8241-1225
1099,(주)팀육십일,"서울특별시 강남구 도산대로 171 , 13층 (신사동)",02-3445-0061
1100,(주)애드엠케이,"서울특별시 구로구 디지털로32가길 16 , 1205-105호 (구로동, 파트너스타워 2차)",02-554-8537
1101,주식회사 홍익애드피아,"서울특별시 중구 충무로 21-12 , 5층 501호 (초동)",02-714-1515
1102,(주)밤하늘미디어,"서울특별시 마포구 와우산로29가길 69 , 4층 (서교동)",02-720-0805
1103,킹스크리에이티브랩 주식회사,서울특별시 마포구 성산로8길 25  (성산동),02-3144-0431
1104,주식회사 홍천인터내셔날,"서울특별시 강남구 도산대로 307 , 2층 (신사동, 백영빌딩)",02-513-4083
1105,주식회사 로원스토리,"서울특별시 양천구 목동중앙북로 128 ,201호 (목동,경일빌딩)",
1106,주식회사 다리기획,서울특별시 서대문구 연희로26가길 12  (연희동),070-4007-1879
1107,주식회사 애드클래스,"부산광역시 해운대구 APEC로 55 , 1층 159호 (우동, 벡스코 제1전시장)",051-740-7860
1108,(주)이즈피엠피,"서울특별시 서초구 방배로 205 , 2,5,6,7층 (방배동)",02-3475-2600
1109,정성기획 주식회사,"서울특별시 구로구 디지털로34길 55 , 715-02호 (구로동)",
1110,주식회사 생각연구소,"서울특별시 금천구 벚꽃로 298 ,1701호~1705호 (가산동, 대륭포스트타워6차)",02-6097-0052
1111,(주)에이플디,서울특별시 금천구 가산디지털1로 119 218-55호 (가산동),
1112,(주)엠키스트,"서울특별시 양천구 등촌로 114 (목동, 목동한강팰리스 4층)",02-2135-4360
1113,(주)동하커뮤니케이션,경기도 하남시 대청로116번길 59-1 상가동 130호 (창우동),031-932-4112
1114,주식회사 티피에이미디어,서울특별시 강남구 영동대로 735 골프존 서울타워 6층 (청담동),02-6941-0510
1115,(주)와우매니지먼트그룹,"서울특별시 강남구 도산대로 458  8층 (청담동, 청담 한국빌딩)",02-570-1900
1116,로드원오원 주식회사,서울특별시 강남구 도산대로 317 2층 (신사동),02-515-2200
1117,주식회사 더에스엠씨 그룹,서울특별시 강남구 봉은사로49길 22 더에스엠씨빌딩 (논현동),
1118,(주)머스트에이,"서울특별시 강남구 역삼로23길 8 에이동 비-103호 (역삼동, 현대하이츠)",02-568-0920
1119,비엠플러스 주식회사,경기도 화성시 동탄기흥로257번나길 14-1 101호 (방교동),070-4459-5601
1120,(주)위케이콘텐츠,경기도 고양시 일산동구 중앙로 1080 4층 402-F07호 (백석동),
1121,(주)위더스애드,서울특별시 구로구 디지털로 285 1동 404호 (구로동),02-863-0969
1122,(주)미래야놀자,서울특별시 서초구 양재대로11길 36 1층 102호 (양재동),02-2059-4699
1123,(주)투모로우컴퍼니,서울특별시 강남구 언주로126길 17 3층 (논현동),02-517-9157
1124,(주)대오커뮤니케이션,광주광역시 동구 구성로204번길 13 영무파라드오피스텔 201동 215호 (대인동),062-229-1581
1125,주식회사 시디넛,서울특별시 종로구 율곡로2길 25 13층  (수송동),02-722-2961
1126,(주)제이엠애드,대구광역시 동구 동부로30길 103  (신천동) 경전빌딩 3층,053-755-8586
1127,(주)이엘미디어컴퍼니,서울특별시 마포구 월드컵북로 402 (상암동) 24층 2401호,070-5055-5802
1128,(주)이인기획,서울특별시 마포구 월드컵북로12길 13 승채빌딩 3층 (성산동),02-338-1809
1129,주식회사 드림인사이트,서울특별시 구로구 디지털로33길 12 우림비즈센터2차 14층 (구로동),02-6734-7258
1130,주식회사 에그크리에이티브,서울특별시 강남구 봉은사로74길 20 4층 (삼성동),02-538-2230
1131,(주)애드가엑스퍼트,서울특별시 강남구 도산대로30길 34 꾸메하임 3층 (논현동),02-541-1637
1132,공연중심어울림협동조합,"대구광역시 달서구 갈밭로 33  (대곡동, 대구대곡Lh천년나무1단지)행복나눔관1층",053-256-7104
1133,(주)인디고프렌즈,"부산광역시 수영구 광안해변로 263  1210호 (파로스오피스텔, 민락동)",051-925-7679
1134,에이치에스프로덕션 주식회사,서울특별시 영등포구 국제금융로6길 33 919호 A743 (여의도동) 맨하탄빌딩,070-8847-2300
1135,(주)애드크루즈,서울특별시 강남구 강남대로158길 19 삼우빌딩 5층 애드크루즈 (신사동),02-515-8948
1136,(주)초코렛커뮤니케이션,서울특별시 강남구 강남대로154길 24 501호 (신사동),02-6959-3835
1137,(주)코투스애드,서울특별시 서초구 사평대로57길 135 5층 진빌딩 (반포동),070-4012-4615
1138,주식회사 빅벨이엔엠,"서울특별시 강남구 선릉로 704 , 10층 376호 (청담동,청담벤처프라자)",
1139,캡슐미디어(주),서울특별시 서초구 양재대로2길 18 4층 (우면동),02-568-9181
1140,주식회사 시선커뮤니케이션,대구광역시 수성구 범어천로 52-1 2층 (범어동),053-719-2670
1141,주식회사보이소,"부산광역시 동구 중앙대로 328 (초량동,금산빌딩) 801호",051-0000-0000
1142,(주)케이아이씨애드,서울특별시 영등포구 경인로82길 3-4 9층 (문래동1가),02-1670-6066
1143,(주)페이스커뮤니케이션,서울특별시 서초구 바우뫼로7길 16 9층 1호 (우면동),02-508-1521
1144,(주)디자인수,서울특별시 서초구 신반포로45길 18 6층 (잠원동),02-514-7757
1145,(주)대학내일,서울특별시 마포구 독막로 331 3~7층 (도화동 마스터즈타워)),02-2257-6344
1146,(주)밴드앤링크,서울특별시 서초구 강남대로 337 12층 (서초동),02-523-0219
1147,플러스엑스(주),서울특별시 강남구 언주로149길 17 3층 (논현동),02-518-7717
1148,유브갓픽쳐스 유한회사,서울특별시 용산구 이태원로55가길 9 2층 (한남동),02-749-8312
1149,(주)에이치피엘미디어,서울특별시 마포구 마포대로4다길 18 (마포동)1011호,02-725-8854
1150,(주)테라코퍼,"부산광역시 강서구 화전산단5로84번길 37  3층 (화전동,부산경남금형공업협동조합)",051-1522-0266
1151,(주)미디어캐치,"서울특별시 종로구 자하문로5길 37 1층 (필운동, 그린빌라)",02-312-9047
1152,(주)해즈코리아,서울특별시 금천구 가산디지털1로 186 제이플라츠 7층 (가산동),02-519-1202
1153,(주)크림앤컴,"서울특별시 강남구 삼성로 417 103동 2101호 (대치동, 대치포스코더샵아파트)",02-539-8889
1154,(주)원탑스튜디오,대전광역시 서구 대덕대로176번길 59  (둔산동) 지하203호,042-1577-8546
1155,주식회사 선홍,충청남도 천안시 동남구 통정9로 76  (신방동) 마중물빌딩 301,042-1688-0820
1156,(주)뉴보드,서울특별시 성동구 뚝섬로1길 31 12층 1203호 (성수동1가),02-6956-9479
1157,(주)에이엠에프엠,서울특별시 강서구 공항대로 220 (마곡동) 우성에스비타워2차 10층 1008호,
1158,(주)큐브커뮤니케이션코리아,서울특별시 마포구 월드컵로 64 301호 (서교동),02-2273-9901
1159,(주)피앤에프위너스,"서울특별시 강남구 학동로 520 4, 5층 (삼성동)",02-337-1638
1160,주식회사애드365,부산광역시 중구 대청로 115-3 2층 (대청동1가),
1161,주식회사 텐저블컴,"서울특별시 강남구 삼성로 540 , 3층 PR10호 (삼성동, 빌딩브로모)",
1162,팡고지와이(주),"서울특별시 서초구 강남대로 527 11층 1103, 4,5호 (반포동)",02-535-8398
1163,(주)덴스튜디오,서울특별시 서초구 본마을길 25-12  (신원동),031-714-5892
1164,(주)에이원커뮤니케이션코리아,서울특별시 강서구 마곡중앙1로 10 801~810 디56호 (마곡동),02-868-2779
1165,주식회사 제이키,"서울특별시 강남구 논현로102길 15 (역삼동) 1층,103호",02-6082-6201
1166,(주)머스트커뮤니케이션,서울특별시 강남구 언주로86길 5 육성빌딩 (역삼동),070-4607-4258
1167,주식회사 더바인씨엔엠월드와이드,"서울특별시 중구 동호로 272 (장충동2가, 디자인하우스) 3층",070-4757-0255
1168,(주)군월드,대구광역시 수성구 알파시티1로 170 208호(대흥동)대구디지털산업진흥원,053-721-8898
1169,(주)다트미디어,서울특별시 영등포구 양산로 53 407호(양평동3가)월드메르디앙비즈센터,02-2632-4213
1170,(주)콕스플러스,서울특별시 강동구 동남로75길 29 8층 808호(명일동),02-2157-3121
1171,주식회사 로오,"부산광역시 동래구 미남로 68 , 501호(사직동)",070-7630-7007
1172,(주)이루다마케팅,서울특별시 성동구 아차산로17길 48 1동 1017~1022호(성수동2가),070-5055-3416
1173,(주)애드불스,서울특별시 마포구 동교로13길 33-3 202호(서교동),02-322-0928
1174,(주)트레져헌터,서울특별시 성동구 성수이로20길 16 16 JK타워 8층(성수동2가),02-538-8686
1175,주식회사 에스씨블루,"울산광역시 남구 수암로 207-7 , 2층(야음동)",052-256-6644
1176,주식회사 보트,"서울특별시 성동구 뚝섬로1길 31 (성수동1가, 서울숲M타워) 402호",02-545-5652
1177,주식회사 큐아이그룹,"서울특별시 강남구 강남대로156길 14 (신사동,정금빌딩) 2층 271호",
1178,(주)트레이서,서울특별시 성동구 아차산로 103  10층 1006~7호(성수동2가),02-3448-4617
1179,(주)에스비케이컴퍼니,서울특별시 서초구 서초중앙로8길 89-2 4호(서초동),02-529-0704
1180,(주)준콤엔터테인먼트,서울특별시 동작구 상도로 123-1 준콤빌딩2층(상도동),02-2037-0700
1181,주식회사 디투애드,"울산광역시 동구 월봉6가길 30 , 1층(방어동)",070-7776-3089
1182,브레드 주식회사,서울특별시 용산구 회나무로41길 52 3층동 2호(이태원동),02-796-9801
1183,(주)지수포,서울특별시 구로구 디지털로30길 31  1014호 내 A08호(구로동),02-6001-6421
1184,(주)빅애드컴,대전광역시 서구 월평북로 85  (월평동)463호,042-487-1747
1185,주식회사 아테나팀,"서울특별시 강남구 테헤란로 147 ,1513-피8호(역삼동)",02-6969-5087
1186,(주)리컨벤션,"부산광역시 해운대구 센텀서로 30 14층(우동, 케이엔엔타워)",051-711-0045
1187,(주)아이엠씨애드,서울특별시 서초구 바우뫼로 130 301호(양재동),02-577-8311
1188,주식회사와이엘케이커뮤니케이션,부산광역시 동래구 사직북로19번길 26 2동(사직동),
1189,티에스월드와이드(주),서울특별시 성동구 아차산로17길 48 1동 708호(성수동2가),02-547-9352
1190,(유)산울림컴퍼니,서울특별시 강남구 강남대로136길 11 6층(논현동),02-2266-2206
1191,(주)디포스트,충청북도 청주시 흥덕구 사운로280번길 7 (운천동)삼일아파트상가,043-254-7942
1192,케이앤피크리에이티브,경상남도 창원시 마산회원구 내서읍 중리공단로1길 31 103호,055-2320-0640
1193,카라멜츠(주),서울특별시 강남구 학동로6길 15 302호(논현동),02-6925-7377
1194,(주)코모래비,서울특별시 강남구 봉은사로 407 15층(삼성동),02-515-2111
1195,(주)라인피알,서울특별시 영등포구 선유로49길 23 504호 (양평동4가),02-2634-1113
1196,(주)나무온,서울특별시 동작구 사당로 261 3층 (사당동),02-3144-0866
1197,제이에이치엠피(주),"부산광역시 해운대구 달맞이길62번길 28 2층(중동, 미포오션사이드호텔)",051-622-8850
1198,주식회사영상뉴스,충청남도 홍성군 홍북읍 충남대로 50 708호(아르페온2차),041-631-0668
1199,(주)코이피쉬,서울특별시 서초구 양재천로 67 3층 신광빌딩(양재동),070-7777-1315
1200,(주)더쏠트,서울특별시 강남구 삼성로95길 6 5층 (삼성동),02-515-0322
1201,(주)씨든,"부산광역시 해운대구 센텀중앙로 90 1802호(재송동, 큐비이센텀)",
1202,(주)제이지스타,서울특별시 강남구 선릉로138길 42 (청담동),02-547-0825
1203,페이스메이커더블유 주식회사,"서울특별시 서초구 강남대로 479 , 비1층 117호(반포동)",
1204,(주)해피바바,서울특별시 영등포구 선유로13길 25 614호(문래동6가),02-2135-1858
1205,(주)키스톤마케팅컴퍼니,"서울특별시 서초구 서초대로78길 5 13층(서초동, 대각빌딩)",02-2175-9600
1206,(주)엘지씨엔에스,서울특별시 강서구 마곡중앙8로 71 LG사이언스파크 E13(사무동)(마곡동),02-3773-1114
1207,킹스마케팅그룹(주),경기도 김포시 태장로 741 7층 717호 경동미르웰시티 (장기동),031-000-0000
1208,(주)엠쓰리미디어,"부산광역시 동래구 여고로 1  ,1층 101호(사직동, 삼주빌딩)",051-333-7000
1209,(주)에이원퍼포먼스팩토리,서울특별시 강남구 테헤란로 501 (삼성동),02-6959-7799
1210,(주)에스에스와이미디어,서울특별시 강남구 학동로3길 25 4층 404호 써니힐빌딩(논현동),02-1566-5130
1211,(주)스타컴기획,서울특별시 강남구 언주로 844 지하 1층(신사동),02-3446-9795
1212,(주)블루네이션,서울특별시 성북구 서경로 124 유담관 523호(정릉동),02-941-9909
1213,(주)로드맵마케팅컨설팅,서울특별시 강남구 테헤란로 521 29층 39-06호(삼성동 파르나스타워),
1214,(주)보랏빛소,전라남도 나주시 문화로 81  (빛가람동) 2303호,02-6263-0202
1215,주식회사 아데아커뮤니케이션즈,서울특별시 성동구 아차산로17길 49 (성수동2가) 509~511호,02-2039-0568
1216,(주)어헤드코리아,서울특별시 강남구 도산대로12길 25-1 4층(논현동),02-548-0907
1217,(주)바운드제주,제주특별자치도 제주시 신대로 145 4층 엠234호(연동),
1218,(주)더트러스티스,서울특별시 강남구 압구정로4길 7 (신사동),070-8775-2223
1219,(주)우드커뮤니케이션,서울특별시 서초구 양재천로7길 22 (양재동) 3층,02-2088-3244
1220,디에이기획 주식회사,"서울특별시 동대문구 청계천로 471 , 14층 오1401호(용두동, 청계천 대성 스카이렉스2)",02-2207-9409
1221,(주)아이엠플러스,"서울특별시 중구 통일로 86 , 910호(순화동, 바비엥3차)",02-6399-6334
1222,(주)애니퍼포먼스,"서울특별시 강남구 학동로33길 17 ,4층(논현동, 수산빌딩)",02-573-3511
1223,주식회사 케이디엠코,"서울특별시 서초구 서초중앙로 85 (서초동, 가산빌딩)",02-6006-7801
1224,(주)유니온커뮤니케이션,서울특별시 강서구 마곡중앙6로 70 403호(마곡동 매그넘797),
1225,(주)데마시안,서울특별시 구로구 디지털로30길 28 1308호(구로동),02-6956-8574
1226,(주)스프링앤플라워,서울특별시 강남구 역삼로25길 37 2층(역삼동 근도빌딩),02-538-0292
1227,(주)알트텐,"경기도 고양시 일산동구 무궁화로 20-38 ,4층 413-1호(장항동, 로데오탑)",031-8073-8500
1228,(주)삼룡기획,"부산광역시 해운대구 센텀중앙로 97 에이동 에이-1605호(재송동, 센텀스카이비즈)",051-746-7806
1229,주식회사 크로마엔터테인먼트,"서울특별시 중구 정동길 3 , 16층(정동)",
1230,(주)최선씨앤씨,"서울특별시 강남구 강남대로 382  (역삼동, 메리츠타워) 17층, 1741호",02-6959-8366
1231,(주)지에이치케이글로벌,서울특별시 강서구 공항대로 237 (마곡동)1218호,02-6953-2611
1232,넥스브레인(주),서울특별시 서초구 신반포로45길 9-13 (잠원동),02-3453-5180
1233,(주)엣지랭크,서울특별시 중구 세종대로21길 39 4층 (정동),02-546-8288
1234,(주)빅샷엔터테인먼트,서울특별시 강서구 공항대로 228 리더스타워 905호(마곡동),02-2262-7130
1235,(주)넥스트엠,서울특별시 서대문구 신촌로 25 2층 2271호(창천동),
1236,(주)재와기획,서울특별시 강남구 영동대로 738 1006호 (청담동),02-516-1203
1237,(주)스팍랩,서울특별시 중구 청계천로 40 12층 1201호 (다동),02-6410-0133
1238,(주)하라커뮤니케이션즈,서울특별시 서초구 방배중앙로27길 16 하라빌딩 3~5층(방배동),02-6205-3316
1239,(주)애드테일,"부산광역시 중구 대청로138번길 15 303호 (중앙동2가, 삼정빌딩)",051-4699-4695
1240,(주)궁리기획,광주광역시 서구 화운로 172 지성빌딩 4층(화정동),062-366-2200
1241,(주)나인클립스,경기도 광주시 오포읍 신현로 122 202호 한강빌딩,031-215-9015
1242,(주)애드프로패셔널,서울특별시 강남구 논현로 708 3층 (논현동 금강빌딩),02-512-0719
1243,(주)애딩커뮤니케이션,서울특별시 서초구 효령로57길 3 201호(서초동 대덕빌딩),02-6952-1606
1244,아하커뮤니케이션즈(주),서울특별시 종로구 새문안로 92 광화문오피시아 2019호(신문로1가),02-6956-2211
1245,(주)크리에이터스그룹,서울특별시 금천구 범안로 1126 대륭21차 212호(가산동),02-2626-6494
1246,(주)데이스톤,서울특별시 강서구 공항대로 242 열린M타워 1123호(마곡동),02-6462-0200
1247,주식회사 하이브미디어,"부산광역시 남구 수영로 312 , 9층 918호(대연동, 21 센츄리시티오피스텔)",070-7728-6334
1248,(주)스카이벤처스,서울특별시 성동구 성수이로7길 7 8층 801호(성수동2가),02-2068-7892
1249,(주)디베이스,부산광역시 남구 고동골로 34 3층(문현동),051-704-2668
1250,(주)아비오콘텐츠,서울특별시 서초구 사평대로55길 149 지하1층 (반포동),070-4162-8468
1251,프로모스트 주식회사,경상북도 포항시 북구 삼호로189번길 13 2층(항구동),
1252,(주)나인탑컴퍼니,경기도 성남시 수정구 위례광장로 9-9 A동 908호(위례우남역 퍼스트 푸르지오시티 창곡동),02-5500-0550
1253,(주)스파이럴미디어,서울특별시 강남구 논현로 518  (역삼동) 2층 202호,02-6207-8320
1254,(주)그루컴퍼니,서울특별시 성동구 성수이로10길 14 12층 1201~3호(성수동2가),070-5138-8888
1255,(주)리씨디엑스,서울특별시 강남구 도산대로37길 19 지하 2층(신사동 티엔티빌딩),02-556-4995
1256,(주)드림시커,"서울특별시 금천구 범안로 1130 , 303호(가산동)",070-7712-2501
1257,주식회사 평안커뮤니케이션즈,"서울특별시 강서구 공항대로 194 , 9층 909호(마곡동)",02-501-9151
1258,(주)프로젝트402,"서울특별시 서초구 양재대로2길 18 , 4층 T3호(우면동)",02-6925-0408
1259,(주)해솔앤남향정,"경상남도 진주시 동부로169번길 12 , B동 1301호 (충무공동, 윙스타워)",055-761-9660
1260,(주)크로스미디어,"서울특별시 강남구 논현로86길 27 , 3,4,5층(역삼동)",070-8666-1503
1261,올리브미디어투(주),전라북도 정읍시 초산로 76 (시기동) 함께사는세상B/D 2층,063-535-4455
1262,주식회사 디마이너스원,"서울특별시 성동구 아차산로 3 , 3층 302호(성수동1가, 두앤캔하우스)",050-1317-5658
1263,(주)더북디지털,"서울특별시 강남구 봉은사로 226 (역삼동, 더북컴퍼니)",02-3458-7430
1264,주식회사 엘리케이트,"서울특별시 강남구 테헤란로 507 ,10층 130호(삼성동)",
1265,주식회사 이노빈,"서울특별시 강남구 봉은사로30길 62 (역삼동, 영우빌딩5층)",070-7731-0485
1266,주식회사 하이퍼포먼스마케팅,"서울특별시 강남구 역삼로 555 1층 101호(대치동, 대치동 더블유 타워)",02-558-4212
1267,주식회사 니즈랩글로벌앤컬쳐,서울특별시 강남구 언주로149길 11 3층 301호(논현동),02-333-6579
1268,주식회사 스퀘어노트,"서울특별시 서초구 서초대로 398 5층, 피오518호(서초동)",070-4938-6131
1269,(주)럭키프로덕션,부산광역시 동래구 중앙대로1367번길 70-5 (온천동)지하1층,
1270,(주)씨에이씨,광주광역시 서구 화정로 268 1층(농성동),051-0000-0000
1271,주식회사 프라퍼티원,"경기도 수원시 권선구 호매실로104번길 24-10 , 606호(호매실동)",
1272,(주)빅밴드앤코,서울특별시 마포구 토정로 36 (합정동),
1273,주식회사 아이디어스트림,"서울특별시 서초구 신반포로47길 9-6 , 2층, 4층 401호(잠원동)",
1274,(주)엔피컴퍼니,"광주광역시 서구 상무중앙로 7 501호내 724호(치평동, 상무타워) ",062-672-3000
1275,(주)온에이드,"경기도 이천시 중리천로 126-8 코아루페라즈(중리동,1702호)",
1276,주식회사 하다,"서울특별시 강서구 마곡중앙6로 11 , 303호(마곡동)",02-6925-6107
1277,팍스엠주식회사,대전광역시 서구 대덕대로195번길 55 (둔산동)미래빌딩402호,070-8238-3135
1278,(주)탑애드,"광주광역시 서구 치평로 86 2층 (치평동, 보광빌딩)",062-363-3657
1279,주식회사 저스트빌더,서울특별시 중구 청계천로 100 시그니쳐타워 서관 9층 패스트파이브 901호,02-511-1224
1280,주식회사 코즈웍스,"서울특별시 서초구 서운로 13 , 21층 01호(서초동, 중앙로얄오피스텔)",02-6965-7956
1281,주식회사 씨티큐,"서울특별시 성동구 연무장7길 11 , 8층(성수동2가)",
1282,주식회사 라블랑쉬,"서울특별시 마포구 잔다리로 116 (서교동, 더바인서교 4층)",02-6956-3375
1283,리오그란데 주식회사,강원도 홍천군 화촌면 굴운로43번길 20 -,033-435-5555
1284,(주)제이제이글로벌그룹,"서울특별시 강서구 강서로 499 , 7층(가양동)",070-4350-7286
1285,주식회사 라포르커뮤니케이션,"서울특별시 용산구 회나무로 38 , 2층, 3층(이태원동)",070-4266-3300
1286,주식회사 아이엔씨미디어,"서울특별시 마포구 월드컵북로 361 , 1506호(상암동)",02-6091-3304
1287,맵스(주),"부산광역시 해운대구 센텀중앙로 97 에이동 2층 에이 211호(재송동, 센텀스카이비즈)",051-714-1406
1288,주식회사 더존크리에이티브,"서울특별시 서초구 서초중앙로8길 89-2 (서초동), 2층",02-514-2957
1289,주식회사 클레어아이엠씨,"경기도 화성시 동탄중심상가2길 26-15 802-37호 (반송동,지성프라자)",02-6952-3288
1290,주식회사 이삼똥컴퍼니,"서울특별시 강서구 양천로 470 , 지하1층 108호 일부(등촌동)",
1291,주식회사 미디어에어,"서울특별시 송파구 마천로8길 5  4층(오금동,진성빌딩)",02-780-3707
1292,주식회사 인터오리진아이엔씨,서울특별시 서대문구 연희맛로 41 (연희동),02-783-8831
1293,주식회사범커뮤니케이션,충청남도 부여군 부여읍 금성로91번길 8 주식회사 범커뮤니케이션,
1294,(주)휘닉스커뮤니케이션즈,"서울특별시 강남구 테헤란로 534 , 30층(대치동)",02-560-0851
1295,주식회사 프랙티컬스트래티지,서울특별시 중구 청계천로 100  (수표동) 서관 901호,
1296,주식회사 쓰담마케팅,대구광역시 달서구 야외음악당로 175 (두류동) 3층,053-655-0829
1297,주식회사 원앤원컴퍼니,"서울특별시 성동구 성수이로 66 , 4층 406호(성수동2가)",
1298,주식회사 미미컴,"서울특별시 강남구 테헤란로 322 ,19층 동관 1901호(역삼동)",02-2183-1753
1299,주식회사 에이컴즈,"서울특별시 성동구 아차산로17길 49 , 외3필지 생각공장데시앙플렉스 제10층 제1009호(성수동2가)",02-568-5036
1300,(주)망고소프트,전라남도 여수시 덕충3길 3  (덕충동) 2층,
1301,주식회사 더피알커뮤니케이션,"서울특별시 서대문구 경기대로 47 , 7층 서관 (충정로2가)",02-6223-5557
1302,주식회사 애드현,"서울특별시 은평구 은평로21길 14-14 , 2층 (녹번동)",02-383-1584
1303,주식회사 투커넥트투커뮤니케이션즈,"서울특별시 강남구 가로수길 19 ,4층 (신사동)",02-706-6868
1304,빅이닝엠엔씨 주식회사,"경기도 고양시 덕양구 으뜸로 130 , 918호 (덕은동)",02-2137-1713
1305,주식회사 투캐럿,"서울특별시 송파구 오금로23길 18-1  , 투캐럿빌딩(방이동)",070-8811-1513
1306,주식회사 함샤우트글로벌,서울특별시 마포구 포은로2가길 57  (합정동) 한울빌딩,02-6020-0586
1307,주식회사 에비뉴61,"경기도 고양시 덕양구 삼송로 238 , 301동 3층 318호 (삼송동)",
1308,주식회사 페니,"경기도 화성시 봉담읍 와우안길 17 ,902(고운첨단과학기술연구원)",070-8691-1105
1309,알바트로스픽쳐스 주식회사,대전광역시 서구 도안북로93번길 20-5  (도안동)201호,042-719-8456
1310,주식회사 미디언스,"서울특별시 강남구 삼성로95길 6 , 5층 (삼성동)",02-6949-5939
1311,주식회사 먼프,"서울특별시 강남구 도산대로8길 23  , 4층(논현동)",070-8095-1248
1312,(주)스웨이브에스엘,"서울특별시 강남구 학동로 342 815호  (논현동, 에스케이 허브블루)",02-537-0872
1313,(주)피알프로모션,부산광역시 금정구 체육공원로 596  (두구동),051-518-2777
1314,주식회사 인덱스메이커,"서울특별시 성동구 아차산로17길 49  (성수동2가, 생각공장 데시앙플렉스)",
1315,주식회사 디사이드컴즈,"서울특별시 금천구 가산디지털1로 171  (가산동, 에스케이브이원센터)",
1316,(주)나스미디어,"서울특별시 강남구 도곡로1길 14  (역삼동, 삼일프라자오피스텔 3,4,5층)",02-2188-7345
1317,(주)리드앰,서울특별시 강남구 영동대로 302 6층 케이78 (삼성동 미켈란107),
1318,주식회사 루브이엔엠,"서울특별시 광진구 광나루로 361  (군자동, 광진 동양파라곤 1단지)",02-525-7454
1319,주식회사 웹플레이,"서울특별시 구로구 디지털로 273  4층 406호(구로동,에이스트윈타워2차)",070-8209-4275
1320,주식회사 클래닛,"경기도 성남시 분당구 대왕판교로 670 , 비동 1001호(삼평동)",
1321,주식회사 데이드,"서울특별시 강남구 봉은사로49길 22 , 더에스엠씨빌딩 2층(논현동)",070-5099-5359
1322,에이플래닛 엔터테인먼트 주식회사,서울특별시 강남구 봉은사로57길 6  (삼성동) 5층 501호,02-6080-5596
1323,스마일드래곤주식회사,경기도 고양시 일산동구 백마로 195  (장항동) SK엠시티타워 일반동 13F,031-1877-6533
1324,주식회사 아우스월드와이드,서울특별시 중구 다산로18길 15  (신당동) 정수빌딩 3층,
1325,주식회사 씨피그룹,서울특별시 서대문구 충정로 53  (충정로2가) 1311호,070-7418-4573
1326,주식회사 픽스유,"서울특별시 강남구 논현로 404, 4층 3-1호 (역삼동,정안빌딩)",02-553-2107
1327,주식회사 미디어크리에이티비티,"서울특별시 강남구 도산대로81길 69  (청담동, 청담매스터빌) 402호(청담동)",02-544-7634
1328,주식회사 써니기획,인천광역시 부평구 주부토로 236  (갈산동) 인천광역시 부평구 갈산동 94 인천테크노밸리 U1센터,032-2390-0414
1329,(주)엘리,"울산광역시 남구 화합로102번길 5 ,5층 (삼산동)",180-0947-6
1330,주식회사 어니스트컴퍼니,"경기도 고양시 덕양구 향기로 182 , 티201호, 티202호 (향동동)",02-335-8008
1331,주식회사 아엠로,"서울특별시 서초구 양재천로 111  (양재동), 4층(양재동, 경훈빌딩)",02-521-6612
1332,주식회사 어반패스트,서울특별시 송파구 오금로18길 5  (송파동) 202호,
1333,주식회사 낙낙컴퍼니,서울특별시 강서구 마곡중앙6로 45  (마곡동) A동6층 610-C26호,02-6952-2026
1334,주식회사 아이알컴즈,"서울특별시 강남구 논현로149길 47  (논현동) 3층(논현동,승영빌딩)",02-546-9963
1335,(주)언프레임커뮤니케이션,"서울특별시 성동구 연무장13길 9  (성수동2가,아이템플) 7306호 ",02-6212-2129
1336,주식회사 디비커뮤니케이션즈,서울특별시 강남구 테헤란로 432  (대치동) DB금융센터 24층,02-3484-1506
1337,주식회사 투래빗츠,서울특별시 용산구 이태원로 199  (이태원동) 3층,
1338,주식회사 바론,충청북도 청주시 서원구 남이면 2순환로 1651 1층,043-263-6743
1339,주식회사 퍼플커머스,"서울특별시 서초구 양재천로13길 21  (양재동) 301호(양재동,영인필딩)",02-575-8128
1340,주식회사 오름아이엠씨,"서울특별시 서초구 사임당로 32  (서초동) 10층(서초동, 재우빌딩)",070-4335-2250
1341,주식회사 더블유에스미디어,서울특별시 서초구 방배중앙로 175  (방배동) 대원빌딩 302호,070-8666-2028
1342,주식회사 바즈인터내셔널,"서울특별시 강남구 학동로 343  (논현동) 8층(논현동, 포바강남타워)",02-6223-1195
1343,주식회사 엔와이앤코,서울특별시 강남구 강남대로 382 18층 1836호 (역삼동),02-722-4499
1344,주식회사 원트라이,"서울특별시 마포구 매봉산로 31  (상암동) 7층(상암동, S-PLEX CENTER)",
1345,(주)해피플래닛,충청북도 청주시 서원구 현도면 선동2길 220 (주)해피플레닛,
1346,주식회사 망고스틴그룹,"서울특별시 용산구 원효로90길 11  (원효로1가, 용산더프라임) 1601호",
1347,주식회사 인컴애드,서울특별시 마포구 동교로16길 12  (서교동) 5층,02-362-9500
1348,유니온네트워크코리아 주식회사,서울특별시 중구 세종대로 73  (서소문동) 태평로빌딩 27층,02-6003-1383
1349,주식회사 미디어레인크리에이트,경기도 고양시 덕양구 청초로 66  (덕은동) 덕은리버워크 B동 611호,02-455-1925
1350,주식회사 닥터테드,"서울특별시 강서구 화곡로 371 4층(등촌동,경향교회선교관)",02-1800-2013
1351,(주)오로지스튜디오,광주광역시 동구 백서로 177  (서석동) 2층,062-714-2484
1352,주식회사 피어스크리에이티브컴퍼니,서울특별시 강남구 도산대로26길 18 5층 (논현동),02-6959-5535
1353,주식회사 이노바인코리아,서울특별시 강남구 논현로149길 67-7 명은빌딩 (논현동),
1354,주식회사 스튜디오좋,서울특별시 강남구 도산대로 150 7층 (논현동),
1355,(주)이로운기업,경상남도 창원시 의창구 차룡로48번길 44  (팔용동) 스마트업타워 904호,055-296-8379
1356,(주)애드코러스,서울특별시 강남구 언주로 601 삼정빌딩 13층 (논현동),02-512-3227
1357,(주)래몽래인,서울특별시 강남구 학동로25길 19 밸런스빌딩 (논현동),
1358,인크로스 주식회사,"서울특별시 관악구 남부순환로 1926 경동제약빌딩 5,8층 (봉천동)",02-3475-2717
1359,주식회사 스튜디오런랩,서울특별시 용산구 이태원로54길 16-3 3층 302호 제이케이54 (한남동),02-6080-8883
1360,주식회사 커넥터스커뮤니케이션,"서울특별시 송파구 올림픽로 336 1610호 (방이동, 대우유토피아오피스텔)",02-3443-9241
1361,(주)케이브로콘텐츠,"부산광역시 해운대구 센텀3로 26  2308호(우동, 센텀스퀘어)",051-0000-0000
1362,주식회사 모비데이즈,"서울특별시 강남구 언주로 417 지하1층-8층 (역삼동, 더체크타워)",
1363,주식회사 오벨리스크,대구광역시 북구 대현로 100  (대현동) 3층 301호,053-219-5788
1364,주식회사 11마리의낭만고양이,대구광역시 수성구 지범로 163  (지산동)6층,053-287-7544
1365,(주)에이치피기획,"부산광역시 동구 중앙대로 328 801호 (초량동, 금산빌딩)",051-1533-6464
1366,아주공감 주식회사,전라남도 여수시 대평길 58  (해산동) 2층,061-921-5500
1367,주식회사 전주궁리,전북특별자치도 전주시 덕진구 만성중앙로 11  (만성동) 현목빌딩 502호,063-212-9331
1368,주식회사 이펙트원,서울특별시 마포구 동교로12길 38 9층 (서교동) ,
1369,주식회사 베스트초이스아이앤씨,경기도 성남시 분당구 탄천상로 164 B동 724호 (구미동),02-6425-0202
1370,(주)이지엠앤씨,울산광역시 남구 삼산로 169  씨에스타워 6-15층(달동),052-716-5100
1371,주식회사 피에스마케팅,서울특별시 서초구 서초대로 398 4층 405호 (서초동),070-4570-8189
1372,(주)더베이컨,서울특별시 강남구 논현로149길 13-5 2층 (논현동),02-6203-7435
1373,(주)미디어행복,"경기도 고양시 일산서구 킨텍스로 255  (대화동, 일산 디엠시티 스카이뷰) 104동 1310호",031-0000-0000
1374,주식회사 캐스팅에너지,서울특별시 강남구 도산대로26길 29 4층 (논현동),02-6053-5773
1375,주식회사 아이브코리아,서울특별시 광진구 천호대로110길 7 4층 (능동),
1376,주식회사 모두의동물,"경기도 성남시 분당구 탄천상로 164 비동724호 (구미동, 시그마2오피스텔)",02-6425-0202
1377,주식회사 씨제이더블유글로벌,"서울특별시 강남구 선릉로134길 7 , 1층,지하1층 (청담동)",
1378,주식회사 에파애드,대구광역시 중구 달구벌대로440길 9-12  (대봉동)2층,
1379,주식회사 올더플러스,서울특별시 마포구 연희로 11 에스-525호 (동교동),
1380,주식회사 와이드컴바인,서울특별시 마포구 잔다리로 48 3층 3149호 (서교동),
1381,(주)디플랜360,서울특별시 강남구 테헤란로 443 11층 (삼성동),02-2039-1884
1382,(주)피엘생활건강,경상남도 창원시 의창구 팔용로439번길 22  (팔용동),055-2237-223
1383,주식회사 노무브노워크,서울특별시 강남구 선릉로121길 15 501호 (논현동),
1384,마인드노크 주식회사,서울특별시 관악구 남부순환로 1926 5층 (봉천동),
1385,주식회사 디피플래닝,"서울특별시 구로구 디지털로 272 10층 07호 (구로동, 한신아이티타워)",
1386,주식회사 오르다,"경기도 고양시 일산동구 호수로 340-28 ,220호 (백석동, 비잔티움2단지)",
1387,주식회사 시몬스디자인스튜디오,"서울특별시 강남구 학동로11길 56 , 5층 (논현동)",
1388,주식회사 참컴,"서울특별시 강남구 삼성로122길 37 , 2층(삼성동)",02-2261-0656
1389,주식회사 플레이디,"경기도 성남시 분당구 황새울로359번길 11 (서현동, 미래에셋플레이스)",031-696-7022
1390,주식회사 디지털트리니티,"서울특별시 용산구 서빙고로 17 , 24층 (한강로3가, 센트럴파크타워)",
1391,주식회사 미디어블커뮤니케이션,"서울특별시 강남구 영동대로 602 , 6층 피223호 (삼성동, 삼성동 미켈란 107)",
1392,주식회사 샐러드랩,"서울특별시 강남구 테헤란로78길 14-11 ,8층 (대치동, 돌채타워)",
1393,주식회사 뉴에이디,"서울특별시 마포구 삼개로 38 , 제이에이상가동 3층 11호(도화동, 도화3지구우성아파트)",070-4246-5754
1394,화성이엔에이(주),대구광역시 수성구 수성로 256  (중동)3층,053-766-2471
1395,주식회사 하이미디어컴퍼니,"서울특별시 강서구 강서로47길 165 ,901-541호 (내발산동, 신원메디칼프라자)",
